{
    "name": "Death By Grass",
    "description": "You take damage when touching grass.",
    "condition": {
        "type": "origins:on_block",
        "block_condition": {
            "type": "origins:block",
            "block": "minecraft:grass_block"
        }
    },
    "type": "origins:stacking_status_effect",
    "min_stacks": 0,
    "max_stacks": 1,
    "duration_per_stack": 50,
    "tick_rate": 10,
    "effect": {
        "effect": "minecraft:poison",
        "duration": 50,
        "amplifier": 0,
        "show_particles": false,
        "show_icon": true
    }
}