{
    "name": "Explosion",
    "description": "A quirk that allows you to make explosions from your hands.",
    "powers": [
        "0:explosion/explosionfist",
        "0:explosion/explosionfistparticles",
        "0:explosion/explosionfisttoggle",
        "0:explosion/explodeburst",
        "0:explosion/apshot",
        "0:explosion/howitzerimpact"
    ],
    "icon": {
        "item": "minecraft:tnt"
    },
    "upgrades": [
        {
            "condition": "minecraft:nether/obtain_crying_obsidian",
            "origin": "quirks:explosionevolved",
            "announcement": "In the midst of battle, from tears, your power increases to help win at any cost."
        }
    ],
    "impact": 3
}