{
    "name": "&6&oExplosion",
    "description": "An awakened version of your Explosion quirk.",
    "powers": [
        "0:evolvedquirks/explosionevolved/explosion",
        "0:evolvedquirks/explosionevolved/explosionparticles",
        "0:evolvedquirks/explosionevolved/explosiontoggle",
        "0:evolvedquirks/explosionevolved/condenseblast",
        "0:evolvedquirks/explosionevolved/apmachinegun",
        "0:evolvedquirks/explosionevolved/howitzerimpacttenfold"
    ],
    "icon": {
        "item": "minecraft:tnt"
    },
    "unchoosable": true,
    "impact": 3
}