{
    "name": "&b&oOne For All",
    "description": "A legendary quirk made to defeat the evil of All For One.",
    "powers": [
        "0:ofaquirks/gearshiftofa/ofahighgear",
        "0:ofaquirks/gearshiftofa/ofahgtoggle",
        "0:ofaquirks/gearshiftofa/ofahgparticle",
        "0:ofaquirks/gearshiftofa/ofalowgear",
        "0:ofaquirks/gearshiftofa/ofalgtoggle",
        "0:ofaquirks/gearshiftofa/ofalgparticle",
        "0:ofaquirks/gearshiftofa/charge",
        "0:ofaquirks/gearshiftofa/chargeparticles",
        "0:ofaquirks/gearshiftofa/chargetoggle",
        "0:ofaquirks/gearshiftofa/flick",
        "0:ofaquirks/gearshiftofa/legjump",
        "0:ofaquirks/gearshiftofa/passofa",
        "0:ofaquirks/gearshiftofa/passofaparticles",
        "0:ofaquirks/gearshiftofa/passofatoggle"
    ],
    "icon": {
        "item": "minecraft:nether_star"
    },
    "unchoosable": true,
    "impact": 3
}