{
    "name": "Warp Gate",
    "description": "A quirk that allows you alter space time to teleport.",
    "powers": [
        "gatecrash:dark_skin",
        "gatecrash:stars",
        "gatecrash:anchor",
        "gatecrash:player_anchor",
        "gatecrash:creation",
        "gatecrash:see_anchor",
        "gatecrash:pocket",
        "gatecrash:summonportalll",
        "gatecrash:warpa",
        "gatecrash:slow",
        "gatecrash:slowa",
        "gatecrash:slowb",
        "gatecrash:slowc",
        "gatecrash:slowd",
        "gatecrash:warp",
        "gatecrash:tp",
        "gatecrash:riftcombat",
        "gatecrash:persuit",
        "gatecrash:tagged_player",
        "gatecrash:dodge",
        "gatecrash:broken_life",
        "gatecrash:no_shield",
        "gatecrash:breakable",
        "gatecrash:breakable_cross",
        "gatecrash:hungry",
        "gatecrash:aquaphobia",
        "gatecrash:flammable",
        "gatecrash:soundstop",
        "gatecrash:lavav",
        "gatecrash:inwall",
        "gatecrash:tearsound",
        "gatecrash:exittearsound",
        "gatecrash:credits"
    ],
    "icon": {
        "item": "minecraft:end_rod"
    },
    "upgrades": [
        {
            "condition": "minecraft:nether/create_beacon",
            "origin": "quirks:warpgateevolved",
            "announcement": "By staring into the light of the beacon produced by the Nether Star, your quirk has awakened."
        }
    ],
    "order": 1,
    "impact": 3
}