{
    "name": "§1Warp Gate",
    "description": "An awakened version of your Warp Gate quirk.",
    "powers": [
        "gatecrash:dark_skin",
        "gatecrash:stars",
        "gatecrash:slow",
        "gatecrash:slowa",
        "gatecrash:slowb",
        "gatecrash:slowc",
        "gatecrash:warpa",
        "gatecrash:warp",
        "gatecrash:persuit",
        "gatecrash:anchor",
        "gatecrash:creation",
        "gatecrash:player_anchor",
        "gatecrash:see_anchor",
        "gatecrash:tagged_player",
        "gatecrash:voidtravel",
        "gatecrash:dodge",
        "gatecrash:broken_life",
        "gatecrash:no_shield",
        "gatecrash:breakable",
        "gatecrash:breakable_cross",
        "gatecrash:hungry",
        "gatecrash:flammable",
        "gatecrash:soundstop",
        "gatecrash:lavav",
        "gatecrash:inwall",
        "gatecrash:rain",
        "gatecrash:combat_adjust",
        "gatecrash:credits"
    ],
    "icon": {
        "item": "minecraft:end_rod"
    },
    "unchoosable": true,
    "order": 1,
    "impact": 3
}