{
    "name": "Clone",
    "description": "[Primary] Using your quirk, you can multiply yourself over and over again, but not other things.",
    "type": "origins:active_self",
    "entity_action": {
        "type": "origins:and",
        "actions": [
            {
                "type": "origins:execute_command",
                "command": "npc create @s"
            },
            {
                "type": "origins:delay",
                "action": {
                    "type": "origins:execute_command",
                    "command": "npc edit skin @s"
                },
                "ticks": 1
            },
            {
                "type": "origins:delay",
                "action": {
                    "type": "origins:execute_command",
                    "command": "npc edit movement FREE"
                },
                "ticks": 1
            },
            {
                "type": "origins:delay",
                "action": {
                    "type": "origins:execute_command",
                    "command": "npc deselect"
                },
                "ticks": 1
            },
            {
                "type": "origins:delay",
                "action": {
                    "type": "origins:execute_command",
                    "command": "data merge entity @e[type=taterzens:npc,sort=nearest,limit=1] {Invulnerable:0b}"
                },
                "ticks": 1
            },
            {
                "type": "origins:delay",
                "action": {
                    "type": "origins:execute_command",
                    "command": "reload"
                },
                "ticks": 3
            }
        ]
    },
    "cooldown": 20,
    "key": "primary"
}