{
    "name": "Power Boost",
    "description": "[Primary] Your quirk allows you to enhance your physical cababilities.",
    "condition": {
        "type": "origins:power_active",
        "power": "0:physicalenhancement/toggle"
    },
    "type": "origins:action_over_time",
    "interval": 20,
    "entity_action": {
        "type": "origins:apply_effect",
        "effect": {
            "effect": "strength",
            "duration": 21,
            "amplifier": 1,
            "show_particles": false,
            "show_icon": true
        },
        "effects": [
            {
                "effect": "jump_boost",
                "duration": 21,
                "amplifier": 1,
                "show_particles": false,
                "show_icon": true
            },
            {
                "effect": "speed",
                "duration": 21,
                "amplifier": 1,
                "show_particles": false,
                "show_icon": true
            }
        ]
    }
}