{
    "name": "Feather Shoot",
    "description": "[Primary] This ability allows you to shoot feathers out of your wings at your enemies.",
    "type": "origins:active_self",
    "entity_action": {
        "type": "origins:raycast",
        "distance": 30,
        "block": true,
        "entity": true,
        "shape_type": "outline",
        "fluid_handling": "any",
        "bientity_action": {
            "type": "origins:and",
            "actions": [
                {
                    "type": "origins:target_action",
                    "action": {
                        "type": "origins:damage",
                        "amount": 2,
                        "source": {
                            "name": "cramming",
                            "unblockable": true
                        }
                    }
                },
                {
                    "type": "origins:add_velocity",
                    "y": 0,
                    "z": 0.5,
                    "client": true,
                    "server": true,
                    "set": true
                }
            ]
        },
        "before_action": {
            "type": "origins:play_sound",
            "sound": "minecraft:entity.chicken.egg",
            "volume": 1,
            "pitch": 2
        },
        "command_at_hit": "particle minecraft:dust 1.0 1.0 1.0 1.0",
        "command_along_ray": "particle minecraft:dust 1.0 1.0 1.0 1.0",
        "command_step": 0.1
    },
    "cooldown": 20,
    "hud_render": {
        "should_render": true,
        "bar_index": 5
    },
    "key": {
        "key": "key.origins.primary_active"
    }
}