{
    "name": "Sense",
    "description": "[Primary] A toggleable ability of your quirk that allows you to see every mob around you.",
    "type": "origins:multiple",
    "glow": {
        "condition": {
            "type": "origins:power_active",
            "power": "0:search/sensetoggle"
        },
        "type": "origins:entity_glow",
        "bientity_condition": {
            "type": "origins:and",
            "conditions": [
                {
                    "type": "origins:distance",
                    "comparison": "<=",
                    "compare_to": 100
                }
            ]
        },
        "use_teams": false,
        "red": 1,
        "green": 1,
        "blue": 1
    }
}