{
    "name": "High Gear",
    "description": "[Primary] This mode of Gearshift heavily increases your speed. Moving so fast also increases the speed of your punches, increasing your strength as well.",
    "condition": {
        "type": "origins:power_active",
        "power": "0:ofaquirks/gearshift/hgtoggle"
    },
    "type": "origins:action_over_time",
    "interval": 20,
    "entity_action": {
        "type": "origins:apply_effect",
        "effect": {
            "effect": "speed",
            "duration": 21,
            "amplifier": 10,
            "show_particles": true,
            "show_icon": true
        },
        "effects": [
            {
                "effect": "strength",
                "duration": 21,
                "amplifier": 2,
                "show_particles": false,
                "show_icon": true
            }
        ]
    }
}