{
    "name": "Low Gear",
    "description": "[Secondary] This mode of Gearshift allows you to slow down enemies you hit for a short amount of time.",
    "condition": {
        "type": "origins:power_active",
        "power": "0:ofaquirks/gearshift/lgtoggle"
    },
    "type": "origins:action_on_hit",
    "bientity_action": {
        "type": "origins:target_action",
        "action": {
            "type": "origins:apply_effect",
            "effect": {
                "effect": "slowness",
                "duration": 100,
                "amplifier": 7,
                "show_particles": true,
                "show_icon": true
            }
        }
    },
    "cooldown": 1
}