{
    "name": "One For All Flick",
    "description": "[Secondary] By using One For All in your fingers, you flick and create huge amounts of wind, blowing your enemies away.",
    "condition": {
        "type": "origins:power_active",
        "power": "0:ofa/fullcowltoggle"
    },
    "type": "origins:active_self",
    "entity_action": {
        "type": "origins:raycast",
        "distance": 30,
        "block": true,
        "entity": true,
        "shape_type": "outline",
        "fluid_handling": "any",
        "bientity_action": {
            "type": "origins:and",
            "actions": [
                {
                    "type": "origins:target_action",
                    "action": {
                        "type": "origins:damage",
                        "amount": 3,
                        "source": {
                            "name": "cramming",
                            "unblockable": true
                        }
                    }
                },
                {
                    "type": "origins:add_velocity",
                    "y": 1.5,
                    "z": 2,
                    "client": true,
                    "server": true,
                    "set": true
                }
            ]
        },
        "before_action": {
            "type": "origins:play_sound",
            "sound": "minecraft:entity.generic.explode",
            "volume": 1,
            "pitch": 2
        },
        "command_at_hit": "particle minecraft:dust 1.0 1.0 1.0 1.0",
        "command_along_ray": "particle minecraft:dust 1.0 1.0 1.0 1.0",
        "command_step": 0.1
    },
    "cooldown": 20,
    "hud_render": {
        "should_render": true,
        "bar_index": 5
    },
    "key": {
        "key": "key.origins.secondary_active"
    }
}