{
    "name": "Power Spread",
    "description": "[Primary] A toggleable ability that allows your quirk to flow through your body, allowing you to preform powerful attacks and giving you enhanced durability.",
    "condition": {
        "type": "origins:power_active",
        "power": "0:ofa/fullcowltoggle"
    },
    "type": "origins:action_over_time",
    "interval": 20,
    "entity_action": {
        "type": "origins:apply_effect",
        "effect": {
            "effect": "strength",
            "duration": 21,
            "amplifier": 2,
            "show_particles": false,
            "show_icon": true
        },
        "effects": [
            {
                "effect": "resistance",
                "duration": 21,
                "amplifier": 2,
                "show_particles": false,
                "show_icon": true
            },
            {
                "effect": "haste",
                "duration": 21,
                "amplifier": 2,
                "show_particles": false,
                "show_icon": true
            }
        ]
    }
}