{
    "name": "Pass On",
    "description": "[Quinary] A toggleable ability that can pass on your power, but only to other quirkless users.",
    "type": "origins:multiple",
    "pogs": {
        "condition": {
            "type": "origins:power_active",
            "power": "0:ofa/passontoggle"
        },
        "type": "origins:action_on_entity_use",
        "bientity_action": {
            "type": "origins:and",
            "actions": [
                {
                    "type": "origins:target_action",
                    "action": {
                        "type": "origins:and",
                        "actions": [
                            {
                                "type": "origins:execute_command",
                                "command": "playsound minecraft:block.beacon.power_select ambient @a[distance=..5] ~ ~ ~ 5 1"
                            },
                            {
                                "type": "origins:execute_command",
                                "command": "particle minecraft:end_rod ~ ~1 ~ 0.25 0.5 0.25 0 50"
                            },
                            {
                                "type": "origins:execute_command",
                                "command": "origin set @s origins:origin quirks:gearshiftofa"
                            }
                        ]
                    }
                },
                {
                    "type": "origins:actor_action",
                    "action": {
                        "type": "origins:and",
                        "actions": [
                            {
                                "type": "origins:execute_command",
                                "command": "playsound minecraft:block.beacon.deactivate ambient @a[distance=..5] ~ ~ ~ 5 1"
                            },
                            {
                                "type": "origins:execute_command",
                                "command": "particle minecraft:ash ~ ~1 ~ 0.25 0.5 0.25 0 50"
                            },
                            {
                                "type": "origins:execute_command",
                                "command": "origin set @s origins:origin quirks:quirkless"
                            }
                        ]
                    }
                }
            ]
        },
        "bientity_condition": {
            "type": "origins:target_condition",
            "condition": {
                "type": "origins:origin",
                "origin": "quirks:gearshift",
                "layer": "origins:origin"
            }
        },
        "action_result": "success",
        "priority": 0
    }
}