{
    "name": "Explosion Fist",
    "description": "[Primary] A toggleable ability that causes an explosion when you hit someone.",
    "condition": {
        "type": "origins:power_active",
        "power": "0:evolvedquirks/explosionevolved/explosiontoggle"
    },
    "type": "origins:action_on_hit",
    "bientity_action": {
        "type": "origins:target_action",
        "action": {
            "type": "origins:explode",
            "power": 3,
            "destruction_type": "break",
            "damage_self": true
        }
    },
    "cooldown": 1
}