{
    "name": "Howitzer Impact Tenfold",
    "description": "[Quaternary] After your power has evolved, your max power has increased, creating Howitzer Impact Tenfold.",
    "type": "origins:active_self",
    "entity_action": {
        "type": "origins:explode",
        "power": 100,
        "destruction_type": "break",
        "damage_self": false,
        "destructible": {
            "type": "origins:block",
            "block": "minecraft:bedrock"
        },
        "create_fire": true
    },
    "cooldown": 3000,
    "hud_render": {
        "should_render": true,
        "sprite_location": "origins:textures/gui/resource_bar.png",
        "bar_index": 4
    },
    "key": {
        "key": "key.origins.quaternary_active"
    }
}