{
    "name": "Float",
    "description": "[Primary] A toggleable ability that allows you to hover in the air.",
    "badges": [
        {
            "sprite": "origins:textures/gui/badge/active.png",
            "text": "origins.gui.badge.active"
        },
        {
            "sprite": "origins:textures/gui/badge/toggle.png",
            "text": "origins.gui.badge.toggle"
        }
    ],
    "type": "origins:multiple",
    "hover": {
        "condition": {
            "type": "origins:and",
            "conditions": [
                {
                    "type": "origins:resource",
                    "resource": "*:*_active_resource",
                    "comparison": ">",
                    "compare_to": 0
                },
                {
                    "type": "toomanyorigins:velocity",
                    "y": 0,
                    "comparison": "<="
                },
                {
                    "type": "toomanyorigins:key_pressed",
                    "key": {
                        "key": "key.jump",
                        "continuous": true
                    }
                },
                {
                    "inverted": true,
                    "type": "origins:climbing"
                },
                {
                    "inverted": true,
                    "type": "origins:fluid_height",
                    "fluid": "minecraft:water",
                    "comparison": ">",
                    "compare_to": "0"
                },
                {
                    "inverted": true,
                    "type": "origins:fluid_height",
                    "fluid": "minecraft:lava",
                    "comparison": ">",
                    "compare_to": "0"
                },
                {
                    "inverted": true,
                    "type": "origins:fall_flying"
                },
                {
                    "inverted": true,
                    "type": "origins:riding"
                },
                {
                    "type": "origins:power_active",
                    "power": "*:*_toggle_resource"
                }
            ]
        },
        "type": "toomanyorigins:hover",
        "step_assist": 0.6
    },
    "deplete_while_using": {
        "condition": {
            "type": "origins:power_active",
            "power": "*:*_hover"
        },
        "type": "origins:action_over_time",
        "interval": 1,
        "entity_action": {
            "type": "origins:and",
            "actions": [
                {
                    "type": "origins:change_resource",
                    "resource": "*:*_active_resource",
                    "change": -1,
                    "operation": "add"
                },
                {
                    "type": "origins:change_resource",
                    "resource": "*:*_recharge_condition_resource",
                    "change": 0,
                    "operation": "SET"
                }
            ]
        }
    },
    "recharge": {
        "condition": {
            "type": "origins:and",
            "conditions": [
                {
                    "inverted": true,
                    "type": "origins:power_active",
                    "power": "*:*_hover"
                },
                {
                    "type": "origins:resource",
                    "resource": "*:*_recharge_condition_resource",
                    "comparison": "==",
                    "compare_to": 10
                }
            ]
        },
        "type": "origins:action_over_time",
        "interval": 1,
        "entity_action": {
            "type": "origins:change_resource",
            "resource": "*:*_active_resource",
            "change": 2,
            "operation": "add"
        }
    },
    "recharge_condition_increase": {
        "condition": {
            "type": "origins:and",
            "conditions": [
                {
                    "type": "origins:or",
                    "conditions": [
                        {
                            "type": "origins:on_block"
                        },
                        {
                            "type": "origins:riding"
                        }
                    ]
                },
                {
                    "inverted": true,
                    "type": "origins:power_active",
                    "power": "*:*_hover"
                }
            ]
        },
        "type": "origins:action_over_time",
        "interval": 1,
        "entity_action": {
            "type": "origins:change_resource",
            "resource": "*:*_recharge_condition_resource",
            "change": 1,
            "operation": "add"
        }
    },
    "active_resource": {
        "type": "origins:resource",
        "min": 0,
        "max": 60,
        "start_value": 60,
        "hud_render": {
            "should_render": true,
            "sprite_location": "toomanyorigins:textures/gui/tmo_resource_bar.png",
            "bar_index": 8,
            "condition": {
                "type": "origins:and",
                "conditions": [
                    {
                        "type": "origins:power_active",
                        "power": "*:*_toggle_resource"
                    },
                    {
                        "type": "origins:resource",
                        "resource": "*:*_active_resource",
                        "comparison": "<",
                        "compare_to": 60
                    }
                ]
            }
        }
    },
    "inactive_resource": {
        "type": "origins:resource",
        "min": 0,
        "max": 60,
        "hud_render": {
            "should_render": true,
            "sprite_location": "toomanyorigins:textures/gui/tmo_resource_bar.png",
            "bar_index": 9,
            "condition": {
                "inverted": true,
                "type": "origins:power_active",
                "power": "*:*_toggle_resource"
            }
        }
    },
    "recharge_condition_resource": {
        "type": "origins:resource",
        "min": 0,
        "max": 10,
        "hud_render": {
            "should_render": false
        }
    },
    "sync_values": {
        "condition": {
            "type": "origins:and",
            "conditions": [
                {
                    "type": "toomanyorigins:compare_resource",
                    "resource": "*:*_active_resource",
                    "compare_to": "*:*_inactive_resource",
                    "comparison": "!="
                },
                {
                    "inverted": true,
                    "type": "origins:power_active",
                    "power": "*:*_toggle_resource"
                }
            ]
        },
        "type": "origins:action_over_time",
        "interval": 1,
        "entity_action": {
            "type": "toomanyorigins:resource_transfer",
            "resource": "*:*_inactive_resource",
            "provider": "*:*_active_resource",
            "operation": "SET"
        }
    },
    "toggle_resource": {
        "type": "origins:toggle",
        "active_by_default": true,
        "key": {
            "key": "null"
        }
    },
    "toggle": {
        "type": "origins:active_self",
        "entity_action": {
            "type": "origins:toggle",
            "power": "*:hover_toggle_resource"
        },
        "cooldown": 1,
        "hud_render": {
            "should_render": false
        },
        "key": {
            "key": "key.origins.primary_active"
        }
    }
}