{
    "type": "origins:active_self",
    "hidden": true,
    "cooldown": 1800,
    "hud_render": {
        "should_render": true,
        "sprite_location": "origins:textures/gui/community/spiderkolo/resource_bar_03.png",
        "bar_index": 7
    },
    "key": {
        "key": "key.origins.quinary_active"
    },
    "entity_action": {
        "type": "origins:and",
        "actions": [
            {
                "type": "origins:delay",
                "ticks": 1,
                "action": {
                    "type": "origins:execute_command",
                    "command": "summon cow ~ ~ ~  {NoAI: 1b,Silent:1b,DisabledSlots:16191,CustomName:\"\\\"Anchor825\\\"\",NoGravity:1b,Health:1,Rotation:[0f,0f],Age:-19000,ActiveEffects:[{Id:14,Amplifier:0,Duration:1000000,ShowParticles:false}]}",
                    "permission_level": 4
                }
            },
            {
                "type": "origins:delay",
                "ticks": 2,
                "action": {
                    "type": "origins:execute_command",
                    "command": "tp @e[type=cow,limit=1,name=Anchor825] @p",
                    "permission_level": 4
                }
            },
            {
                "type": "origins:delay",
                "ticks": 0,
                "action": {
                    "type": "origins:execute_command",
                    "command": "playsound minecraft:block.respawn_anchor.charge ambient @a ~ ~ ~ 5 1"
                }
            },
            {
                "type": "origins:delay",
                "ticks": 0,
                "action": {
                    "type": "origins:execute_command",
                    "command": "forceload add ~ ~"
                }
            },
            {
                "type": "origins:delay",
                "ticks": 0,
                "action": {
                    "type": "origins:execute_command",
                    "command": "kill @e[type=cow,limit=1,name=Anchor825]",
                    "permission_level": 4
                }
            }
        ]
    }
}