{
    "name": "Unstable body",
    "description": "Due to your instability you need tough armor to hold together(Better than iron).",
    "type": "origins:restrict_armor",
    "head": {
        "type": "origins:armor_value",
        "comparison": "<",
        "compare_to": 3
    },
    "chest": {
        "type": "origins:armor_value",
        "comparison": "<",
        "compare_to": 8
    },
    "legs": {
        "type": "origins:armor_value",
        "comparison": "<",
        "compare_to": 6
    },
    "feet": {
        "type": "origins:armor_value",
        "comparison": "<",
        "compare_to": 3
    }
}