{
    "hidden": true,
    "type": "origins:multiple",
    "is_held": {
        "type": "origins:resource",
        "min": 0,
        "max": 3,
        "start_value": 0,
        "hud_render": {
            "should_render": false
        }
    },
    "key": {
        "type": "origins:active_self",
        "cooldown": 1,
        "key": {
            "key": "key.origins.secondary_active",
            "continuous": true
        },
        "entity_action": {
            "type": "origins:change_resource",
            "resource": "*:*_is_held",
            "change": 2
        },
        "hud_render": {
            "should_render": false
        }
    },
    "remove_is_held": {
        "type": "origins:action_over_time",
        "interval": 1,
        "entity_action": {
            "type": "origins:change_resource",
            "resource": "*:*_is_held",
            "change": -1
        }
    },
    "dash_meter": {
        "type": "origins:resource",
        "min": 0,
        "max": 600,
        "start_value": 0,
        "hud_render": {
            "should_render": true,
            "sprite_location": "origins:textures/gui/community/spiderkolo/resource_bar_03.png",
            "bar_index": 16,
            "condition": {
                "_comment": [
                    "This condition prevents the bar from appearing if the resource is not being used.",
                    "Helps keep the HUD tidy by removing unneeded meters."
                ],
                "type": "origins:resource",
                "resource": "*:*_dash_meter",
                "comparison": ">",
                "compare_to": 0
            }
        }
    },
    "dash_on_key_release": {
        "type": "origins:action_over_time",
        "interval": 1,
        "condition": {
            "type": "origins:and",
            "conditions": [
                {
                    "type": "origins:resource",
                    "resource": "*:*_is_held",
                    "comparison": ">",
                    "compare_to": 1
                },
                {
                    "type": "origins:resource",
                    "resource": "*:dashonrelease_cooldown",
                    "comparison": "<",
                    "compare_to": 1
                }
            ]
        },
        "entity_action": {
            "_comment": [
                "Increases the dash meter while the key is being held.",
                "Due to the way the key hold is implemented,",
                "the dash meter will still fill a few ticks after the key is released."
            ],
            "type": "origins:change_resource",
            "resource": "*:*_dash_meter",
            "change": 5
        },
        "falling_action": {
            "type": "origins:if_else_list",
            "actions": [
                {
                    "condition": {
                        "type": "origins:resource",
                        "resource": "*:*_dash_meter",
                        "comparison": ">",
                        "compare_to": 599
                    },
                    "action": {
                        "type": "origins:and",
                        "actions": [
                            {
                                "type": "origins:apply_effect",
                                "effect": {
                                    "effect": "minecraft:resistance",
                                    "duration": 20,
                                    "amplifier": 50,
                                    "show_icon": false,
                                    "show_particles": false
                                }
                            },
                            {
                                "type": "origins:execute_command",
                                "permission_level": 4,
                                "command": "particle minecraft:portal ~ ~ ~ 0 0 0 1 100"
                            },
                            {
                                "type": "origins:execute_command",
                                "permission_level": 4,
                                "command": "tp @s ^ ^ ^40"
                            },
                            {
                                "type": "origins:play_sound",
                                "sound": "minecraft:block.respawn_anchor.set_spawn"
                            },
                            {
                                "type": "origins:trigger_cooldown",
                                "power": "*:dashonrelease_cooldown"
                            },
                            {
                                "type": "origins:change_resource",
                                "resource": "*:*_dash_meter",
                                "change": -800
                            }
                        ]
                    }
                },
                {
                    "condition": {
                        "type": "origins:resource",
                        "resource": "*:*_dash_meter",
                        "comparison": ">",
                        "compare_to": 585
                    },
                    "action": {
                        "type": "origins:and",
                        "actions": [
                            {
                                "type": "origins:apply_effect",
                                "effect": {
                                    "effect": "minecraft:resistance",
                                    "duration": 20,
                                    "amplifier": 50,
                                    "show_icon": false,
                                    "show_particles": false
                                }
                            },
                            {
                                "type": "origins:execute_command",
                                "permission_level": 4,
                                "command": "particle minecraft:portal ~ ~ ~ 0 0 0 1 100"
                            },
                            {
                                "type": "origins:execute_command",
                                "permission_level": 4,
                                "command": "tp @s ^ ^ ^39"
                            },
                            {
                                "type": "origins:play_sound",
                                "sound": "minecraft:block.respawn_anchor.set_spawn"
                            },
                            {
                                "type": "origins:trigger_cooldown",
                                "power": "*:dashonrelease_cooldown"
                            },
                            {
                                "type": "origins:change_resource",
                                "resource": "*:*_dash_meter",
                                "change": -800
                            }
                        ]
                    }
                },
                {
                    "condition": {
                        "type": "origins:resource",
                        "resource": "*:*_dash_meter",
                        "comparison": ">",
                        "compare_to": 570
                    },
                    "action": {
                        "type": "origins:and",
                        "actions": [
                            {
                                "type": "origins:apply_effect",
                                "effect": {
                                    "effect": "minecraft:resistance",
                                    "duration": 20,
                                    "amplifier": 50,
                                    "show_icon": false,
                                    "show_particles": false
                                }
                            },
                            {
                                "type": "origins:execute_command",
                                "permission_level": 4,
                                "command": "particle minecraft:portal ~ ~ ~ 0 0 0 1 100"
                            },
                            {
                                "type": "origins:execute_command",
                                "permission_level": 4,
                                "command": "tp @s ^ ^ ^38"
                            },
                            {
                                "type": "origins:play_sound",
                                "sound": "minecraft:block.respawn_anchor.set_spawn"
                            },
                            {
                                "type": "origins:trigger_cooldown",
                                "power": "*:dashonrelease_cooldown"
                            },
                            {
                                "type": "origins:change_resource",
                                "resource": "*:*_dash_meter",
                                "change": -800
                            }
                        ]
                    }
                },
                {
                    "condition": {
                        "type": "origins:resource",
                        "resource": "*:*_dash_meter",
                        "comparison": ">",
                        "compare_to": 555
                    },
                    "action": {
                        "type": "origins:and",
                        "actions": [
                            {
                                "type": "origins:apply_effect",
                                "effect": {
                                    "effect": "minecraft:resistance",
                                    "duration": 20,
                                    "amplifier": 50,
                                    "show_icon": false,
                                    "show_particles": false
                                }
                            },
                            {
                                "type": "origins:execute_command",
                                "permission_level": 4,
                                "command": "particle minecraft:portal ~ ~ ~ 0 0 0 1 100"
                            },
                            {
                                "type": "origins:execute_command",
                                "permission_level": 4,
                                "command": "tp @s ^ ^ ^37"
                            },
                            {
                                "type": "origins:play_sound",
                                "sound": "minecraft:block.respawn_anchor.set_spawn"
                            },
                            {
                                "type": "origins:trigger_cooldown",
                                "power": "*:dashonrelease_cooldown"
                            },
                            {
                                "type": "origins:change_resource",
                                "resource": "*:*_dash_meter",
                                "change": -800
                            }
                        ]
                    }
                },
                {
                    "condition": {
                        "type": "origins:resource",
                        "resource": "*:*_dash_meter",
                        "comparison": ">",
                        "compare_to": 540
                    },
                    "action": {
                        "type": "origins:and",
                        "actions": [
                            {
                                "type": "origins:apply_effect",
                                "effect": {
                                    "effect": "minecraft:resistance",
                                    "duration": 20,
                                    "amplifier": 50,
                                    "show_icon": false,
                                    "show_particles": false
                                }
                            },
                            {
                                "type": "origins:execute_command",
                                "permission_level": 4,
                                "command": "particle minecraft:portal ~ ~ ~ 0 0 0 1 100"
                            },
                            {
                                "type": "origins:execute_command",
                                "permission_level": 4,
                                "command": "tp @s ^ ^ ^36"
                            },
                            {
                                "type": "origins:play_sound",
                                "sound": "minecraft:block.respawn_anchor.set_spawn"
                            },
                            {
                                "type": "origins:trigger_cooldown",
                                "power": "*:dashonrelease_cooldown"
                            },
                            {
                                "type": "origins:change_resource",
                                "resource": "*:*_dash_meter",
                                "change": -800
                            }
                        ]
                    }
                },
                {
                    "condition": {
                        "type": "origins:resource",
                        "resource": "*:*_dash_meter",
                        "comparison": ">",
                        "compare_to": 525
                    },
                    "action": {
                        "type": "origins:and",
                        "actions": [
                            {
                                "type": "origins:apply_effect",
                                "effect": {
                                    "effect": "minecraft:resistance",
                                    "duration": 20,
                                    "amplifier": 50,
                                    "show_icon": false,
                                    "show_particles": false
                                }
                            },
                            {
                                "type": "origins:execute_command",
                                "permission_level": 4,
                                "command": "particle minecraft:portal ~ ~ ~ 0 0 0 1 100"
                            },
                            {
                                "type": "origins:execute_command",
                                "permission_level": 4,
                                "command": "tp @s ^ ^ ^35"
                            },
                            {
                                "type": "origins:play_sound",
                                "sound": "minecraft:block.respawn_anchor.set_spawn"
                            },
                            {
                                "type": "origins:trigger_cooldown",
                                "power": "*:dashonrelease_cooldown"
                            },
                            {
                                "type": "origins:change_resource",
                                "resource": "*:*_dash_meter",
                                "change": -800
                            }
                        ]
                    }
                },
                {
                    "condition": {
                        "type": "origins:resource",
                        "resource": "*:*_dash_meter",
                        "comparison": ">",
                        "compare_to": 510
                    },
                    "action": {
                        "type": "origins:and",
                        "actions": [
                            {
                                "type": "origins:apply_effect",
                                "effect": {
                                    "effect": "minecraft:resistance",
                                    "duration": 20,
                                    "amplifier": 50,
                                    "show_icon": false,
                                    "show_particles": false
                                }
                            },
                            {
                                "type": "origins:execute_command",
                                "permission_level": 4,
                                "command": "particle minecraft:portal ~ ~ ~ 0 0 0 1 100"
                            },
                            {
                                "type": "origins:execute_command",
                                "permission_level": 4,
                                "command": "tp @s ^ ^ ^34"
                            },
                            {
                                "type": "origins:play_sound",
                                "sound": "minecraft:block.respawn_anchor.set_spawn"
                            },
                            {
                                "type": "origins:trigger_cooldown",
                                "power": "*:dashonrelease_cooldown"
                            },
                            {
                                "type": "origins:change_resource",
                                "resource": "*:*_dash_meter",
                                "change": -800
                            }
                        ]
                    }
                },
                {
                    "condition": {
                        "type": "origins:resource",
                        "resource": "*:*_dash_meter",
                        "comparison": ">",
                        "compare_to": 495
                    },
                    "action": {
                        "type": "origins:and",
                        "actions": [
                            {
                                "type": "origins:apply_effect",
                                "effect": {
                                    "effect": "minecraft:resistance",
                                    "duration": 20,
                                    "amplifier": 50,
                                    "show_icon": false,
                                    "show_particles": false
                                }
                            },
                            {
                                "type": "origins:execute_command",
                                "permission_level": 4,
                                "command": "particle minecraft:portal ~ ~ ~ 0 0 0 1 100"
                            },
                            {
                                "type": "origins:execute_command",
                                "permission_level": 4,
                                "command": "tp @s ^ ^ ^33"
                            },
                            {
                                "type": "origins:play_sound",
                                "sound": "minecraft:block.respawn_anchor.set_spawn"
                            },
                            {
                                "type": "origins:trigger_cooldown",
                                "power": "*:dashonrelease_cooldown"
                            },
                            {
                                "type": "origins:change_resource",
                                "resource": "*:*_dash_meter",
                                "change": -800
                            }
                        ]
                    }
                },
                {
                    "condition": {
                        "type": "origins:resource",
                        "resource": "*:*_dash_meter",
                        "comparison": ">",
                        "compare_to": 480
                    },
                    "action": {
                        "type": "origins:and",
                        "actions": [
                            {
                                "type": "origins:apply_effect",
                                "effect": {
                                    "effect": "minecraft:resistance",
                                    "duration": 20,
                                    "amplifier": 50,
                                    "show_icon": false,
                                    "show_particles": false
                                }
                            },
                            {
                                "type": "origins:execute_command",
                                "permission_level": 4,
                                "command": "particle minecraft:portal ~ ~ ~ 0 0 0 1 100"
                            },
                            {
                                "type": "origins:execute_command",
                                "permission_level": 4,
                                "command": "tp @s ^ ^ ^32"
                            },
                            {
                                "type": "origins:play_sound",
                                "sound": "minecraft:block.respawn_anchor.set_spawn"
                            },
                            {
                                "type": "origins:trigger_cooldown",
                                "power": "*:dashonrelease_cooldown"
                            },
                            {
                                "type": "origins:change_resource",
                                "resource": "*:*_dash_meter",
                                "change": -800
                            }
                        ]
                    }
                },
                {
                    "condition": {
                        "type": "origins:resource",
                        "resource": "*:*_dash_meter",
                        "comparison": ">",
                        "compare_to": 465
                    },
                    "action": {
                        "type": "origins:and",
                        "actions": [
                            {
                                "type": "origins:apply_effect",
                                "effect": {
                                    "effect": "minecraft:resistance",
                                    "duration": 20,
                                    "amplifier": 50,
                                    "show_icon": false,
                                    "show_particles": false
                                }
                            },
                            {
                                "type": "origins:execute_command",
                                "permission_level": 4,
                                "command": "particle minecraft:portal ~ ~ ~ 0 0 0 1 100"
                            },
                            {
                                "type": "origins:execute_command",
                                "permission_level": 4,
                                "command": "tp @s ^ ^ ^31"
                            },
                            {
                                "type": "origins:play_sound",
                                "sound": "minecraft:block.respawn_anchor.set_spawn"
                            },
                            {
                                "type": "origins:trigger_cooldown",
                                "power": "*:dashonrelease_cooldown"
                            },
                            {
                                "type": "origins:change_resource",
                                "resource": "*:*_dash_meter",
                                "change": -800
                            }
                        ]
                    }
                },
                {
                    "condition": {
                        "type": "origins:resource",
                        "resource": "*:*_dash_meter",
                        "comparison": ">",
                        "compare_to": 450
                    },
                    "action": {
                        "type": "origins:and",
                        "actions": [
                            {
                                "type": "origins:apply_effect",
                                "effect": {
                                    "effect": "minecraft:resistance",
                                    "duration": 20,
                                    "amplifier": 50,
                                    "show_icon": false,
                                    "show_particles": false
                                }
                            },
                            {
                                "type": "origins:execute_command",
                                "permission_level": 4,
                                "command": "particle minecraft:portal ~ ~ ~ 0 0 0 1 100"
                            },
                            {
                                "type": "origins:execute_command",
                                "permission_level": 4,
                                "command": "tp @s ^ ^ ^30"
                            },
                            {
                                "type": "origins:play_sound",
                                "sound": "minecraft:block.respawn_anchor.set_spawn"
                            },
                            {
                                "type": "origins:trigger_cooldown",
                                "power": "*:dashonrelease_cooldown"
                            },
                            {
                                "type": "origins:change_resource",
                                "resource": "*:*_dash_meter",
                                "change": -800
                            }
                        ]
                    }
                },
                {
                    "condition": {
                        "type": "origins:resource",
                        "resource": "*:*_dash_meter",
                        "comparison": ">",
                        "compare_to": 435
                    },
                    "action": {
                        "type": "origins:and",
                        "actions": [
                            {
                                "type": "origins:apply_effect",
                                "effect": {
                                    "effect": "minecraft:resistance",
                                    "duration": 20,
                                    "amplifier": 50,
                                    "show_icon": false,
                                    "show_particles": false
                                }
                            },
                            {
                                "type": "origins:execute_command",
                                "permission_level": 4,
                                "command": "particle minecraft:portal ~ ~ ~ 0 0 0 1 100"
                            },
                            {
                                "type": "origins:execute_command",
                                "permission_level": 4,
                                "command": "tp @s ^ ^ ^29"
                            },
                            {
                                "type": "origins:play_sound",
                                "sound": "minecraft:block.respawn_anchor.set_spawn"
                            },
                            {
                                "type": "origins:trigger_cooldown",
                                "power": "*:dashonrelease_cooldown"
                            },
                            {
                                "type": "origins:change_resource",
                                "resource": "*:*_dash_meter",
                                "change": -800
                            }
                        ]
                    }
                },
                {
                    "condition": {
                        "type": "origins:resource",
                        "resource": "*:*_dash_meter",
                        "comparison": ">",
                        "compare_to": 420
                    },
                    "action": {
                        "type": "origins:and",
                        "actions": [
                            {
                                "type": "origins:apply_effect",
                                "effect": {
                                    "effect": "minecraft:resistance",
                                    "duration": 20,
                                    "amplifier": 50,
                                    "show_icon": false,
                                    "show_particles": false
                                }
                            },
                            {
                                "type": "origins:execute_command",
                                "permission_level": 4,
                                "command": "particle minecraft:portal ~ ~ ~ 0 0 0 1 100"
                            },
                            {
                                "type": "origins:execute_command",
                                "permission_level": 4,
                                "command": "tp @s ^ ^ ^28"
                            },
                            {
                                "type": "origins:play_sound",
                                "sound": "minecraft:block.respawn_anchor.set_spawn"
                            },
                            {
                                "type": "origins:trigger_cooldown",
                                "power": "*:dashonrelease_cooldown"
                            },
                            {
                                "type": "origins:change_resource",
                                "resource": "*:*_dash_meter",
                                "change": -800
                            }
                        ]
                    }
                },
                {
                    "condition": {
                        "type": "origins:resource",
                        "resource": "*:*_dash_meter",
                        "comparison": ">",
                        "compare_to": 405
                    },
                    "action": {
                        "type": "origins:and",
                        "actions": [
                            {
                                "type": "origins:apply_effect",
                                "effect": {
                                    "effect": "minecraft:resistance",
                                    "duration": 20,
                                    "amplifier": 50,
                                    "show_icon": false,
                                    "show_particles": false
                                }
                            },
                            {
                                "type": "origins:execute_command",
                                "permission_level": 4,
                                "command": "particle minecraft:portal ~ ~ ~ 0 0 0 1 100"
                            },
                            {
                                "type": "origins:execute_command",
                                "permission_level": 4,
                                "command": "tp @s ^ ^ ^27"
                            },
                            {
                                "type": "origins:play_sound",
                                "sound": "minecraft:block.respawn_anchor.set_spawn"
                            },
                            {
                                "type": "origins:trigger_cooldown",
                                "power": "*:dashonrelease_cooldown"
                            },
                            {
                                "type": "origins:change_resource",
                                "resource": "*:*_dash_meter",
                                "change": -800
                            }
                        ]
                    }
                },
                {
                    "condition": {
                        "type": "origins:resource",
                        "resource": "*:*_dash_meter",
                        "comparison": ">",
                        "compare_to": 390
                    },
                    "action": {
                        "type": "origins:and",
                        "actions": [
                            {
                                "type": "origins:apply_effect",
                                "effect": {
                                    "effect": "minecraft:resistance",
                                    "duration": 20,
                                    "amplifier": 50,
                                    "show_icon": false,
                                    "show_particles": false
                                }
                            },
                            {
                                "type": "origins:execute_command",
                                "permission_level": 4,
                                "command": "particle minecraft:portal ~ ~ ~ 0 0 0 1 100"
                            },
                            {
                                "type": "origins:execute_command",
                                "permission_level": 4,
                                "command": "tp @s ^ ^ ^26"
                            },
                            {
                                "type": "origins:play_sound",
                                "sound": "minecraft:block.respawn_anchor.set_spawn"
                            },
                            {
                                "type": "origins:trigger_cooldown",
                                "power": "*:dashonrelease_cooldown"
                            },
                            {
                                "type": "origins:change_resource",
                                "resource": "*:*_dash_meter",
                                "change": -800
                            }
                        ]
                    }
                },
                {
                    "condition": {
                        "type": "origins:resource",
                        "resource": "*:*_dash_meter",
                        "comparison": ">",
                        "compare_to": 375
                    },
                    "action": {
                        "type": "origins:and",
                        "actions": [
                            {
                                "type": "origins:apply_effect",
                                "effect": {
                                    "effect": "minecraft:resistance",
                                    "duration": 20,
                                    "amplifier": 50,
                                    "show_icon": false,
                                    "show_particles": false
                                }
                            },
                            {
                                "type": "origins:execute_command",
                                "permission_level": 4,
                                "command": "particle minecraft:portal ~ ~ ~ 0 0 0 1 100"
                            },
                            {
                                "type": "origins:execute_command",
                                "permission_level": 4,
                                "command": "tp @s ^ ^ ^25"
                            },
                            {
                                "type": "origins:play_sound",
                                "sound": "minecraft:block.respawn_anchor.set_spawn"
                            },
                            {
                                "type": "origins:trigger_cooldown",
                                "power": "*:dashonrelease_cooldown"
                            },
                            {
                                "type": "origins:change_resource",
                                "resource": "*:*_dash_meter",
                                "change": -800
                            }
                        ]
                    }
                },
                {
                    "condition": {
                        "type": "origins:resource",
                        "resource": "*:*_dash_meter",
                        "comparison": ">",
                        "compare_to": 360
                    },
                    "action": {
                        "type": "origins:and",
                        "actions": [
                            {
                                "type": "origins:apply_effect",
                                "effect": {
                                    "effect": "minecraft:resistance",
                                    "duration": 20,
                                    "amplifier": 50,
                                    "show_icon": false,
                                    "show_particles": false
                                }
                            },
                            {
                                "type": "origins:execute_command",
                                "permission_level": 4,
                                "command": "particle minecraft:portal ~ ~ ~ 0 0 0 1 100"
                            },
                            {
                                "type": "origins:execute_command",
                                "permission_level": 4,
                                "command": "tp @s ^ ^ ^24"
                            },
                            {
                                "type": "origins:play_sound",
                                "sound": "minecraft:block.respawn_anchor.set_spawn"
                            },
                            {
                                "type": "origins:trigger_cooldown",
                                "power": "*:dashonrelease_cooldown"
                            },
                            {
                                "type": "origins:change_resource",
                                "resource": "*:*_dash_meter",
                                "change": -800
                            }
                        ]
                    }
                },
                {
                    "condition": {
                        "type": "origins:resource",
                        "resource": "*:*_dash_meter",
                        "comparison": ">",
                        "compare_to": 345
                    },
                    "action": {
                        "type": "origins:and",
                        "actions": [
                            {
                                "type": "origins:apply_effect",
                                "effect": {
                                    "effect": "minecraft:resistance",
                                    "duration": 20,
                                    "amplifier": 50,
                                    "show_icon": false,
                                    "show_particles": false
                                }
                            },
                            {
                                "type": "origins:execute_command",
                                "permission_level": 4,
                                "command": "particle minecraft:portal ~ ~ ~ 0 0 0 1 100"
                            },
                            {
                                "type": "origins:execute_command",
                                "permission_level": 4,
                                "command": "tp @s ^ ^ ^23"
                            },
                            {
                                "type": "origins:play_sound",
                                "sound": "minecraft:block.respawn_anchor.set_spawn"
                            },
                            {
                                "type": "origins:trigger_cooldown",
                                "power": "*:dashonrelease_cooldown"
                            },
                            {
                                "type": "origins:change_resource",
                                "resource": "*:*_dash_meter",
                                "change": -800
                            }
                        ]
                    }
                },
                {
                    "condition": {
                        "type": "origins:resource",
                        "resource": "*:*_dash_meter",
                        "comparison": ">",
                        "compare_to": 330
                    },
                    "action": {
                        "type": "origins:and",
                        "actions": [
                            {
                                "type": "origins:apply_effect",
                                "effect": {
                                    "effect": "minecraft:resistance",
                                    "duration": 20,
                                    "amplifier": 50,
                                    "show_icon": false,
                                    "show_particles": false
                                }
                            },
                            {
                                "type": "origins:execute_command",
                                "permission_level": 4,
                                "command": "particle minecraft:portal ~ ~ ~ 0 0 0 1 100"
                            },
                            {
                                "type": "origins:execute_command",
                                "permission_level": 4,
                                "command": "tp @s ^ ^ ^22"
                            },
                            {
                                "type": "origins:play_sound",
                                "sound": "minecraft:block.respawn_anchor.set_spawn"
                            },
                            {
                                "type": "origins:trigger_cooldown",
                                "power": "*:dashonrelease_cooldown"
                            },
                            {
                                "type": "origins:change_resource",
                                "resource": "*:*_dash_meter",
                                "change": -800
                            }
                        ]
                    }
                },
                {
                    "condition": {
                        "type": "origins:resource",
                        "resource": "*:*_dash_meter",
                        "comparison": ">",
                        "compare_to": 315
                    },
                    "action": {
                        "type": "origins:and",
                        "actions": [
                            {
                                "type": "origins:apply_effect",
                                "effect": {
                                    "effect": "minecraft:resistance",
                                    "duration": 20,
                                    "amplifier": 50,
                                    "show_icon": false,
                                    "show_particles": false
                                }
                            },
                            {
                                "type": "origins:execute_command",
                                "permission_level": 4,
                                "command": "particle minecraft:portal ~ ~ ~ 0 0 0 1 100"
                            },
                            {
                                "type": "origins:execute_command",
                                "permission_level": 4,
                                "command": "tp @s ^ ^ ^21"
                            },
                            {
                                "type": "origins:play_sound",
                                "sound": "minecraft:block.respawn_anchor.set_spawn"
                            },
                            {
                                "type": "origins:trigger_cooldown",
                                "power": "*:dashonrelease_cooldown"
                            },
                            {
                                "type": "origins:change_resource",
                                "resource": "*:*_dash_meter",
                                "change": -800
                            }
                        ]
                    }
                },
                {
                    "condition": {
                        "type": "origins:resource",
                        "resource": "*:*_dash_meter",
                        "comparison": ">",
                        "compare_to": 300
                    },
                    "action": {
                        "type": "origins:and",
                        "actions": [
                            {
                                "type": "origins:apply_effect",
                                "effect": {
                                    "effect": "minecraft:resistance",
                                    "duration": 20,
                                    "amplifier": 50,
                                    "show_icon": false,
                                    "show_particles": false
                                }
                            },
                            {
                                "type": "origins:execute_command",
                                "permission_level": 4,
                                "command": "particle minecraft:portal ~ ~ ~ 0 0 0 1 100"
                            },
                            {
                                "type": "origins:execute_command",
                                "permission_level": 4,
                                "command": "tp @s ^ ^ ^20"
                            },
                            {
                                "type": "origins:play_sound",
                                "sound": "minecraft:block.respawn_anchor.set_spawn"
                            },
                            {
                                "type": "origins:trigger_cooldown",
                                "power": "*:dashonrelease_cooldown"
                            },
                            {
                                "type": "origins:change_resource",
                                "resource": "*:*_dash_meter",
                                "change": -800
                            }
                        ]
                    }
                },
                {
                    "condition": {
                        "type": "origins:resource",
                        "resource": "*:*_dash_meter",
                        "comparison": ">",
                        "compare_to": 285
                    },
                    "action": {
                        "type": "origins:and",
                        "actions": [
                            {
                                "type": "origins:apply_effect",
                                "effect": {
                                    "effect": "minecraft:resistance",
                                    "duration": 20,
                                    "amplifier": 50,
                                    "show_icon": false,
                                    "show_particles": false
                                }
                            },
                            {
                                "type": "origins:execute_command",
                                "permission_level": 4,
                                "command": "particle minecraft:portal ~ ~ ~ 0 0 0 1 100"
                            },
                            {
                                "type": "origins:execute_command",
                                "permission_level": 4,
                                "command": "tp @s ^ ^ ^19"
                            },
                            {
                                "type": "origins:play_sound",
                                "sound": "minecraft:block.respawn_anchor.set_spawn"
                            },
                            {
                                "type": "origins:trigger_cooldown",
                                "power": "*:dashonrelease_cooldown"
                            },
                            {
                                "type": "origins:change_resource",
                                "resource": "*:*_dash_meter",
                                "change": -800
                            }
                        ]
                    }
                },
                {
                    "condition": {
                        "type": "origins:resource",
                        "resource": "*:*_dash_meter",
                        "comparison": ">",
                        "compare_to": 270
                    },
                    "action": {
                        "type": "origins:and",
                        "actions": [
                            {
                                "type": "origins:apply_effect",
                                "effect": {
                                    "effect": "minecraft:resistance",
                                    "duration": 20,
                                    "amplifier": 50,
                                    "show_icon": false,
                                    "show_particles": false
                                }
                            },
                            {
                                "type": "origins:execute_command",
                                "permission_level": 4,
                                "command": "particle minecraft:portal ~ ~ ~ 0 0 0 1 100"
                            },
                            {
                                "type": "origins:execute_command",
                                "permission_level": 4,
                                "command": "tp @s ^ ^ ^18"
                            },
                            {
                                "type": "origins:play_sound",
                                "sound": "minecraft:block.respawn_anchor.set_spawn"
                            },
                            {
                                "type": "origins:trigger_cooldown",
                                "power": "*:dashonrelease_cooldown"
                            },
                            {
                                "type": "origins:change_resource",
                                "resource": "*:*_dash_meter",
                                "change": -800
                            }
                        ]
                    }
                },
                {
                    "condition": {
                        "type": "origins:resource",
                        "resource": "*:*_dash_meter",
                        "comparison": ">",
                        "compare_to": 255
                    },
                    "action": {
                        "type": "origins:and",
                        "actions": [
                            {
                                "type": "origins:apply_effect",
                                "effect": {
                                    "effect": "minecraft:resistance",
                                    "duration": 20,
                                    "amplifier": 50,
                                    "show_icon": false,
                                    "show_particles": false
                                }
                            },
                            {
                                "type": "origins:execute_command",
                                "permission_level": 4,
                                "command": "particle minecraft:portal ~ ~ ~ 0 0 0 1 100"
                            },
                            {
                                "type": "origins:execute_command",
                                "permission_level": 4,
                                "command": "tp @s ^ ^ ^17"
                            },
                            {
                                "type": "origins:play_sound",
                                "sound": "minecraft:block.respawn_anchor.set_spawn"
                            },
                            {
                                "type": "origins:trigger_cooldown",
                                "power": "*:dashonrelease_cooldown"
                            },
                            {
                                "type": "origins:change_resource",
                                "resource": "*:*_dash_meter",
                                "change": -800
                            }
                        ]
                    }
                },
                {
                    "condition": {
                        "type": "origins:resource",
                        "resource": "*:*_dash_meter",
                        "comparison": ">",
                        "compare_to": 240
                    },
                    "action": {
                        "type": "origins:and",
                        "actions": [
                            {
                                "type": "origins:apply_effect",
                                "effect": {
                                    "effect": "minecraft:resistance",
                                    "duration": 20,
                                    "amplifier": 50,
                                    "show_icon": false,
                                    "show_particles": false
                                }
                            },
                            {
                                "type": "origins:execute_command",
                                "permission_level": 4,
                                "command": "particle minecraft:portal ~ ~ ~ 0 0 0 1 100"
                            },
                            {
                                "type": "origins:execute_command",
                                "permission_level": 4,
                                "command": "tp @s ^ ^ ^16"
                            },
                            {
                                "type": "origins:play_sound",
                                "sound": "minecraft:block.respawn_anchor.set_spawn"
                            },
                            {
                                "type": "origins:trigger_cooldown",
                                "power": "*:dashonrelease_cooldown"
                            },
                            {
                                "type": "origins:change_resource",
                                "resource": "*:*_dash_meter",
                                "change": -800
                            }
                        ]
                    }
                },
                {
                    "condition": {
                        "type": "origins:resource",
                        "resource": "*:*_dash_meter",
                        "comparison": ">",
                        "compare_to": 225
                    },
                    "action": {
                        "type": "origins:and",
                        "actions": [
                            {
                                "type": "origins:apply_effect",
                                "effect": {
                                    "effect": "minecraft:resistance",
                                    "duration": 20,
                                    "amplifier": 50,
                                    "show_icon": false,
                                    "show_particles": false
                                }
                            },
                            {
                                "type": "origins:execute_command",
                                "permission_level": 4,
                                "command": "particle minecraft:portal ~ ~ ~ 0 0 0 1 100"
                            },
                            {
                                "type": "origins:execute_command",
                                "permission_level": 4,
                                "command": "tp @s ^ ^ ^15"
                            },
                            {
                                "type": "origins:play_sound",
                                "sound": "minecraft:block.respawn_anchor.set_spawn"
                            },
                            {
                                "type": "origins:trigger_cooldown",
                                "power": "*:dashonrelease_cooldown"
                            },
                            {
                                "type": "origins:change_resource",
                                "resource": "*:*_dash_meter",
                                "change": -800
                            }
                        ]
                    }
                },
                {
                    "condition": {
                        "type": "origins:resource",
                        "resource": "*:*_dash_meter",
                        "comparison": ">",
                        "compare_to": 210
                    },
                    "action": {
                        "type": "origins:and",
                        "actions": [
                            {
                                "type": "origins:apply_effect",
                                "effect": {
                                    "effect": "minecraft:resistance",
                                    "duration": 20,
                                    "amplifier": 50,
                                    "show_icon": false,
                                    "show_particles": false
                                }
                            },
                            {
                                "type": "origins:execute_command",
                                "permission_level": 4,
                                "command": "particle minecraft:portal ~ ~ ~ 0 0 0 1 100"
                            },
                            {
                                "type": "origins:execute_command",
                                "permission_level": 4,
                                "command": "tp @s ^ ^ ^14"
                            },
                            {
                                "type": "origins:play_sound",
                                "sound": "minecraft:block.respawn_anchor.set_spawn"
                            },
                            {
                                "type": "origins:trigger_cooldown",
                                "power": "*:dashonrelease_cooldown"
                            },
                            {
                                "type": "origins:change_resource",
                                "resource": "*:*_dash_meter",
                                "change": -800
                            }
                        ]
                    }
                },
                {
                    "condition": {
                        "type": "origins:resource",
                        "resource": "*:*_dash_meter",
                        "comparison": ">",
                        "compare_to": 195
                    },
                    "action": {
                        "type": "origins:and",
                        "actions": [
                            {
                                "type": "origins:apply_effect",
                                "effect": {
                                    "effect": "minecraft:resistance",
                                    "duration": 20,
                                    "amplifier": 50,
                                    "show_icon": false,
                                    "show_particles": false
                                }
                            },
                            {
                                "type": "origins:execute_command",
                                "permission_level": 4,
                                "command": "particle minecraft:portal ~ ~ ~ 0 0 0 1 100"
                            },
                            {
                                "type": "origins:execute_command",
                                "permission_level": 4,
                                "command": "tp @s ^ ^ ^13"
                            },
                            {
                                "type": "origins:play_sound",
                                "sound": "minecraft:block.respawn_anchor.set_spawn"
                            },
                            {
                                "type": "origins:trigger_cooldown",
                                "power": "*:dashonrelease_cooldown"
                            },
                            {
                                "type": "origins:change_resource",
                                "resource": "*:*_dash_meter",
                                "change": -800
                            }
                        ]
                    }
                },
                {
                    "condition": {
                        "type": "origins:resource",
                        "resource": "*:*_dash_meter",
                        "comparison": ">",
                        "compare_to": 180
                    },
                    "action": {
                        "type": "origins:and",
                        "actions": [
                            {
                                "type": "origins:apply_effect",
                                "effect": {
                                    "effect": "minecraft:resistance",
                                    "duration": 20,
                                    "amplifier": 50,
                                    "show_icon": false,
                                    "show_particles": false
                                }
                            },
                            {
                                "type": "origins:execute_command",
                                "permission_level": 4,
                                "command": "particle minecraft:portal ~ ~ ~ 0 0 0 1 100"
                            },
                            {
                                "type": "origins:execute_command",
                                "permission_level": 4,
                                "command": "tp @s ^ ^ ^12"
                            },
                            {
                                "type": "origins:play_sound",
                                "sound": "minecraft:block.respawn_anchor.set_spawn"
                            },
                            {
                                "type": "origins:trigger_cooldown",
                                "power": "*:dashonrelease_cooldown"
                            },
                            {
                                "type": "origins:change_resource",
                                "resource": "*:*_dash_meter",
                                "change": -800
                            }
                        ]
                    }
                },
                {
                    "condition": {
                        "type": "origins:resource",
                        "resource": "*:*_dash_meter",
                        "comparison": ">",
                        "compare_to": 165
                    },
                    "action": {
                        "type": "origins:and",
                        "actions": [
                            {
                                "type": "origins:apply_effect",
                                "effect": {
                                    "effect": "minecraft:resistance",
                                    "duration": 20,
                                    "amplifier": 50,
                                    "show_icon": false,
                                    "show_particles": false
                                }
                            },
                            {
                                "type": "origins:execute_command",
                                "permission_level": 4,
                                "command": "particle minecraft:portal ~ ~ ~ 0 0 0 1 100"
                            },
                            {
                                "type": "origins:execute_command",
                                "permission_level": 4,
                                "command": "tp @s ^ ^ ^11"
                            },
                            {
                                "type": "origins:play_sound",
                                "sound": "minecraft:block.respawn_anchor.set_spawn"
                            },
                            {
                                "type": "origins:trigger_cooldown",
                                "power": "*:dashonrelease_cooldown"
                            },
                            {
                                "type": "origins:change_resource",
                                "resource": "*:*_dash_meter",
                                "change": -800
                            }
                        ]
                    }
                },
                {
                    "condition": {
                        "type": "origins:resource",
                        "resource": "*:*_dash_meter",
                        "comparison": ">",
                        "compare_to": 150
                    },
                    "action": {
                        "type": "origins:and",
                        "actions": [
                            {
                                "type": "origins:apply_effect",
                                "effect": {
                                    "effect": "minecraft:resistance",
                                    "duration": 20,
                                    "amplifier": 50,
                                    "show_icon": false,
                                    "show_particles": false
                                }
                            },
                            {
                                "type": "origins:execute_command",
                                "permission_level": 4,
                                "command": "particle minecraft:portal ~ ~ ~ 0 0 0 1 100"
                            },
                            {
                                "type": "origins:execute_command",
                                "permission_level": 4,
                                "command": "tp @s ^ ^ ^10"
                            },
                            {
                                "type": "origins:play_sound",
                                "sound": "minecraft:block.respawn_anchor.set_spawn"
                            },
                            {
                                "type": "origins:trigger_cooldown",
                                "power": "*:dashonrelease_cooldown"
                            },
                            {
                                "type": "origins:change_resource",
                                "resource": "*:*_dash_meter",
                                "change": -800
                            }
                        ]
                    }
                },
                {
                    "condition": {
                        "type": "origins:resource",
                        "resource": "*:*_dash_meter",
                        "comparison": ">",
                        "compare_to": 135
                    },
                    "action": {
                        "type": "origins:and",
                        "actions": [
                            {
                                "type": "origins:apply_effect",
                                "effect": {
                                    "effect": "minecraft:resistance",
                                    "duration": 20,
                                    "amplifier": 50,
                                    "show_icon": false,
                                    "show_particles": false
                                }
                            },
                            {
                                "type": "origins:execute_command",
                                "permission_level": 4,
                                "command": "particle minecraft:portal ~ ~ ~ 0 0 0 1 100"
                            },
                            {
                                "type": "origins:execute_command",
                                "permission_level": 4,
                                "command": "tp @s ^ ^ ^9"
                            },
                            {
                                "type": "origins:play_sound",
                                "sound": "minecraft:block.respawn_anchor.set_spawn"
                            },
                            {
                                "type": "origins:trigger_cooldown",
                                "power": "*:dashonrelease_cooldown"
                            },
                            {
                                "type": "origins:change_resource",
                                "resource": "*:*_dash_meter",
                                "change": -800
                            }
                        ]
                    }
                },
                {
                    "condition": {
                        "type": "origins:resource",
                        "resource": "*:*_dash_meter",
                        "comparison": ">",
                        "compare_to": 120
                    },
                    "action": {
                        "type": "origins:and",
                        "actions": [
                            {
                                "type": "origins:apply_effect",
                                "effect": {
                                    "effect": "minecraft:resistance",
                                    "duration": 20,
                                    "amplifier": 50,
                                    "show_icon": false,
                                    "show_particles": false
                                }
                            },
                            {
                                "type": "origins:execute_command",
                                "permission_level": 4,
                                "command": "particle minecraft:portal ~ ~ ~ 0 0 0 1 100"
                            },
                            {
                                "type": "origins:execute_command",
                                "permission_level": 4,
                                "command": "tp @s ^ ^ ^8"
                            },
                            {
                                "type": "origins:play_sound",
                                "sound": "minecraft:block.respawn_anchor.set_spawn"
                            },
                            {
                                "type": "origins:trigger_cooldown",
                                "power": "*:dashonrelease_cooldown"
                            },
                            {
                                "type": "origins:change_resource",
                                "resource": "*:*_dash_meter",
                                "change": -800
                            }
                        ]
                    }
                },
                {
                    "condition": {
                        "type": "origins:resource",
                        "resource": "*:*_dash_meter",
                        "comparison": ">",
                        "compare_to": 105
                    },
                    "action": {
                        "type": "origins:and",
                        "actions": [
                            {
                                "type": "origins:apply_effect",
                                "effect": {
                                    "effect": "minecraft:resistance",
                                    "duration": 20,
                                    "amplifier": 50,
                                    "show_icon": false,
                                    "show_particles": false
                                }
                            },
                            {
                                "type": "origins:execute_command",
                                "permission_level": 4,
                                "command": "particle minecraft:portal ~ ~ ~ 0 0 0 1 100"
                            },
                            {
                                "type": "origins:execute_command",
                                "permission_level": 4,
                                "command": "tp @s ^ ^ ^7"
                            },
                            {
                                "type": "origins:play_sound",
                                "sound": "minecraft:block.respawn_anchor.set_spawn"
                            },
                            {
                                "type": "origins:trigger_cooldown",
                                "power": "*:dashonrelease_cooldown"
                            },
                            {
                                "type": "origins:change_resource",
                                "resource": "*:*_dash_meter",
                                "change": -800
                            }
                        ]
                    }
                },
                {
                    "condition": {
                        "type": "origins:resource",
                        "resource": "*:*_dash_meter",
                        "comparison": ">",
                        "compare_to": 90
                    },
                    "action": {
                        "type": "origins:and",
                        "actions": [
                            {
                                "type": "origins:apply_effect",
                                "effect": {
                                    "effect": "minecraft:resistance",
                                    "duration": 20,
                                    "amplifier": 50,
                                    "show_icon": false,
                                    "show_particles": false
                                }
                            },
                            {
                                "type": "origins:execute_command",
                                "permission_level": 4,
                                "command": "particle minecraft:portal ~ ~ ~ 0 0 0 1 100"
                            },
                            {
                                "type": "origins:execute_command",
                                "permission_level": 4,
                                "command": "tp @s ^ ^ ^6"
                            },
                            {
                                "type": "origins:play_sound",
                                "sound": "minecraft:block.respawn_anchor.set_spawn"
                            },
                            {
                                "type": "origins:trigger_cooldown",
                                "power": "*:dashonrelease_cooldown"
                            },
                            {
                                "type": "origins:change_resource",
                                "resource": "*:*_dash_meter",
                                "change": -800
                            }
                        ]
                    }
                },
                {
                    "condition": {
                        "type": "origins:resource",
                        "resource": "*:*_dash_meter",
                        "comparison": ">",
                        "compare_to": 75
                    },
                    "action": {
                        "type": "origins:and",
                        "actions": [
                            {
                                "type": "origins:apply_effect",
                                "effect": {
                                    "effect": "minecraft:resistance",
                                    "duration": 20,
                                    "amplifier": 50,
                                    "show_icon": false,
                                    "show_particles": false
                                }
                            },
                            {
                                "type": "origins:execute_command",
                                "permission_level": 4,
                                "command": "particle minecraft:portal ~ ~ ~ 0 0 0 1 100"
                            },
                            {
                                "type": "origins:execute_command",
                                "permission_level": 4,
                                "command": "tp @s ^ ^ ^5"
                            },
                            {
                                "type": "origins:play_sound",
                                "sound": "minecraft:block.respawn_anchor.set_spawn"
                            },
                            {
                                "type": "origins:trigger_cooldown",
                                "power": "*:dashonrelease_cooldown"
                            },
                            {
                                "type": "origins:change_resource",
                                "resource": "*:*_dash_meter",
                                "change": -800
                            }
                        ]
                    }
                },
                {
                    "condition": {
                        "type": "origins:resource",
                        "resource": "*:*_dash_meter",
                        "comparison": ">",
                        "compare_to": 60
                    },
                    "action": {
                        "type": "origins:and",
                        "actions": [
                            {
                                "type": "origins:apply_effect",
                                "effect": {
                                    "effect": "minecraft:resistance",
                                    "duration": 20,
                                    "amplifier": 50,
                                    "show_icon": false,
                                    "show_particles": false
                                }
                            },
                            {
                                "type": "origins:execute_command",
                                "permission_level": 4,
                                "command": "particle minecraft:portal ~ ~ ~ 0 0 0 1 100"
                            },
                            {
                                "type": "origins:execute_command",
                                "permission_level": 4,
                                "command": "tp @s ^ ^ ^4"
                            },
                            {
                                "type": "origins:play_sound",
                                "sound": "minecraft:block.respawn_anchor.set_spawn"
                            },
                            {
                                "type": "origins:trigger_cooldown",
                                "power": "*:dashonrelease_cooldown"
                            },
                            {
                                "type": "origins:change_resource",
                                "resource": "*:*_dash_meter",
                                "change": -800
                            }
                        ]
                    }
                },
                {
                    "condition": {
                        "type": "origins:resource",
                        "resource": "*:*_dash_meter",
                        "comparison": ">",
                        "compare_to": 45
                    },
                    "action": {
                        "type": "origins:and",
                        "actions": [
                            {
                                "type": "origins:apply_effect",
                                "effect": {
                                    "effect": "minecraft:resistance",
                                    "duration": 20,
                                    "amplifier": 50,
                                    "show_icon": false,
                                    "show_particles": false
                                }
                            },
                            {
                                "type": "origins:execute_command",
                                "permission_level": 4,
                                "command": "particle minecraft:portal ~ ~ ~ 0 0 0 1 100"
                            },
                            {
                                "type": "origins:execute_command",
                                "permission_level": 4,
                                "command": "tp @s ^ ^ ^3"
                            },
                            {
                                "type": "origins:play_sound",
                                "sound": "minecraft:block.respawn_anchor.set_spawn"
                            },
                            {
                                "type": "origins:trigger_cooldown",
                                "power": "*:dashonrelease_cooldown"
                            },
                            {
                                "type": "origins:change_resource",
                                "resource": "*:*_dash_meter",
                                "change": -800
                            }
                        ]
                    }
                }
            ]
        }
    },
    "cooldown": {
        "type": "origins:cooldown",
        "cooldown": 600,
        "hud_render": {
            "should_render": true,
            "sprite_location": "origins:textures/gui/community/spiderkolo/resource_bar_03.png",
            "bar_index": 17
        }
    }
}