{
    "type": "origins:multiple",
    "on": {
        "type": "origins:resource",
        "min": 0,
        "max": 1,
        "hud_render": {
            "should_render": false,
            "sprite_location": "origins:textures/gui/resource_bar.png",
            "bar_index": 5
        }
    },
    "timer": {
        "type": "origins:resource",
        "min": 0,
        "max": 20,
        "hud_render": {
            "should_render": true,
            "sprite_location": "origins:textures/gui/resource_bar.png",
            "bar_index": 1
        }
    },
    "toggle_on": {
        "type": "origins:active_self",
        "cooldown": 20,
        "hud_render": {
            "should_render": false,
            "sprite_location": "origins:textures/gui/resource_bar.png",
            "bar_index": 5
        },
        "key": {
            "key": "key.origins.primary_active"
        },
        "entity_action": {
            "type": "origins:if_else",
            "condition": {
                "type": "origins:resource",
                "resource": "*:*_on",
                "comparison": "==",
                "compare_to": 1
            },
            "if_action": {
                "type": "origins:and",
                "actions": [
                    {
                        "type": "origins:change_resource",
                        "resource": "*:*_on",
                        "change": -1
                    },
                    {
                        "type": "origins:execute_command",
                        "command": "playsound minecraft:block.beacon.power_select ambient @s ~ ~ ~ 1 2"
                    }
                ]
            },
            "else_action": {
                "type": "origins:and",
                "actions": [
                    {
                        "type": "origins:change_resource",
                        "resource": "*:*_on",
                        "change": 1
                    },
                    {
                        "type": "origins:execute_command",
                        "command": "playsound minecraft:block.beacon.power_select ambient @s ~ ~ ~ 1 2"
                    }
                ]
            }
        }
    },
    "fast": {
        "type": "origins:modify_swim_speed",
        "modifier": {
            "operation": "addition",
            "value": 0.06
        },
        "condition": {
            "type": "origins:resource",
            "resource": "*:*_on",
            "comparison": "==",
            "compare_to": 1
        }
    },
    "phase": {
        "type": "origins:phasing",
        "blacklist": true,
        "render_type": "blindness",
        "view_distance": 30,
        "condition": {
            "type": "origins:resource",
            "resource": "*:*_on",
            "comparison": "==",
            "compare_to": 1
        },
        "phase_down_condition": {
            "type": "origins:and",
            "conditions": [
                {
                    "type": "origins:sneaking"
                },
                {
                    "type": "origins:on_block"
                }
            ]
        }
    },
    "shader": {
        "type": "origins:shader",
        "shader": "minecraft:shaders/post/sobel.json",
        "condition": {
            "type": "origins:resource",
            "resource": "*:*_on",
            "comparison": "==",
            "compare_to": 1
        }
    },
    "invis": {
        "type": "origins:invisibility",
        "render_armor": false,
        "condition": {
            "type": "origins:resource",
            "resource": "*:*_on",
            "comparison": "==",
            "compare_to": 1
        }
    },
    "ignore": {
        "type": "origins:ignore_water",
        "condition": {
            "type": "origins:resource",
            "resource": "*:*_on",
            "comparison": "==",
            "compare_to": 1
        }
    },
    "breath": {
        "type": "origins:water_breathing",
        "condition": {
            "type": "origins:resource",
            "resource": "*:*_on",
            "comparison": "==",
            "compare_to": 1
        }
    },
    "block": {
        "type": "origins:prevent_block_use",
        "block_condition": {
            "type": "origins:block",
            "block": "minecraft:bedrock",
            "inverted": true
        },
        "condition": {
            "type": "origins:resource",
            "resource": "*:*_on",
            "comparison": "==",
            "compare_to": 1
        }
    },
    "invulnerability": {
        "type": "origins:invulnerability",
        "condition": {
            "type": "origins:resource",
            "resource": "*:*_on",
            "comparison": "==",
            "compare_to": 1
        },
        "damage_condition": {
            "type": "origins:name",
            "name": "fall",
            "inverted": true
        }
    },
    "overlay_green": {
        "type": "origins:overlay",
        "texture": "minecraft:textures/block/ice.png",
        "red": 0,
        "green": 0,
        "blue": 2,
        "strength": 0.2,
        "draw_mode": "nausea",
        "draw_phase": "below_hud",
        "visible_in_third_person": true,
        "condition": {
            "type": "origins:resource",
            "resource": "*:*_on",
            "comparison": "==",
            "compare_to": 1
        }
    },
    "overlay_red": {
        "type": "origins:overlay",
        "texture": "minecraft:textures/misc/nausea.png",
        "red": 0,
        "green": 0,
        "blue": 2,
        "strength": 0.5,
        "draw_mode": "nausea",
        "draw_phase": "above_hud",
        "visible_in_third_person": true,
        "condition": {
            "type": "origins:resource",
            "resource": "*:*_on",
            "comparison": "==",
            "compare_to": 1
        }
    },
    "off": {
        "type": "origins:action_over_time",
        "interval": 20,
        "entity_action": {
            "type": "origins:and",
            "actions": [
                {
                    "type": "origins:change_resource",
                    "resource": "*:*_on",
                    "change": -1
                },
                {
                    "type": "origins:clear_effect",
                    "effect": "minecraft:speed"
                },
                {
                    "type": "origins:clear_effect",
                    "effect": "minecraft:weakness"
                },
                {
                    "type": "origins:clear_effect",
                    "effect": "minecraft:mining_fatigue"
                },
                {
                    "type": "origins:clear_effect",
                    "effect": "minecraft:water_breathing"
                },
                {
                    "type": "origins:execute_command",
                    "command": "playsound minecraft:block.beacon.power_select ambient @s ~ ~ ~ 10 1"
                }
            ]
        },
        "condition": {
            "type": "origins:resource",
            "resource": "gatecrash:evwarp_timer",
            "comparison": "==",
            "compare_to": 0
        }
    },
    "gen": {
        "type": "origins:action_over_time",
        "interval": 25,
        "entity_action": {
            "type": "origins:if_else",
            "condition": {
                "type": "origins:resource",
                "resource": "*:*_on",
                "comparison": "==",
                "compare_to": 1
            },
            "if_action": {
                "type": "origins:change_resource",
                "resource": "gatecrash:evwarp_timer",
                "change": -1
            },
            "else_action": {
                "type": "origins:change_resource",
                "resource": "gatecrash:evwarp_timer",
                "change": 1
            }
        }
    },
    "name": "Dimensional Drift",
    "description": "[Primary] Enter a plain of existance in-between our dimension, being unable to interact with the real world but not being affected by the things that reside in it."
}