{
    "type": "origins:action_over_time",
    "entity_action": {
        "type": "origins:and",
        "actions": [
            {
                "type": "origins:execute_command",
                "command": "tag @s remove tototpp",
                "permission_level": 4
            },
            {
                "type": "origins:execute_command",
                "command": "tag @s remove totpp",
                "permission_level": 4
            },
            {
                "type": "origins:execute_command",
                "command": "power remove @s gatecrash:notpp",
                "permission_level": 4
            }
        ]
    },
    "interval": 70,
    "hidden": true
}