{
    "type": "origins:action_over_time",
    "entity_action": {
        "type": "origins:and",
        "actions": [
            {
                "type": "origins:execute_command",
                "command": "tag @s remove tototp",
                "permission_level": 4
            },
            {
                "type": "origins:execute_command",
                "command": "tag @s remove totp",
                "permission_level": 4
            },
            {
                "type": "origins:execute_command",
                "command": "power remove @s gatecrashl:notp",
                "permission_level": 4
            }
        ]
    },
    "interval": 92,
    "hidden": true
}