{
    "type": "origins:multiple",
    "glow": {
        "type": "origins:entity_glow",
        "bientity_condition": {
            "type": "origins:target_condition",
            "condition": {
                "type": "origins:entity_type",
                "entity_type": "ender_pearl"
            }
        },
        "use_teams": false,
        "red": 0,
        "green": 0,
        "blue": 1
    },
    "throw": {
        "type": "origins:fire_projectile",
        "entity_type": "ender_pearl",
        "speed": 1.5,
        "divergence": 1,
        "key": {
            "key": "key.origins.secondary_active"
        },
        "cooldown": 800,
        "tag": "{Tags:['dcb_Pearl']}",
        "hud_render": {
            "should_render": true,
            "bar_index": 1,
            "sprite_location": "origins:textures/gui/community/huang/resource_bar_01.png"
        }
    },
    "recast": {
        "type": "origins:active_self",
        "key": {
            "key": "key.origins.secondary_active"
        },
        "entity_action": {
            "type": "origins:and",
            "actions": [
                {
                    "type": "origins:execute_command",
                    "command": "function gatecrash:tp_pearl"
                }
            ]
        }
    },
    "start": {
        "type": "origins:active_self",
        "key": {
            "key": "key.origins.secondary_active"
        },
        "entity_action": {
            "type": "origins:and",
            "actions": [
                {
                    "type": "origins:execute_command",
                    "command": "playsound minecraft:entity.shulker.shoot master @a ~ ~ ~ 3 1.2"
                },
                {
                    "type": "origins:execute_command",
                    "command": "playsound minecraft:block.respawn_anchor.charge ambient @a ~ ~ ~ 5 0.9"
                }
            ]
        },
        "cooldown": 100,
        "hud_render": {
            "should_render": false
        }
    },
    "effect": {
        "type": "origins:active_self",
        "key": {
            "key": "key.origins.secondary_active"
        },
        "entity_action": {
            "type": "origins:and",
            "actions": [
                {
                    "type": "origins:execute_command",
                    "command": "execute if entity @e[type=ender_pearl,tag=dcb_Pearl,distance=1..,limit=1,sort=nearest] run particle minecraft:portal ~ ~ ~ 0 0 0 1 100"
                },
                {
                    "type": "origins:execute_command",
                    "command": "execute if entity @e[type=ender_pearl,tag=dcb_Pearl,distance=1..,limit=1,sort=nearest] run playsound minecraft:block.respawn_anchor.deplete ambient @a ~ ~ ~ 5 1.7"
                }
            ]
        },
        "cooldown": 0,
        "hud_render": {
            "should_render": false
        }
    },
    "name": "Unstable Fragment",
    "description": "Pressing [Secondary] will form an Unstable Fragment and propel it forward. Upon colliding with a hard surface, the Fragment will shatter and teleport you to where it lands. Alternatively, pressing [Secondary] while the Fragment is still airborn will break it early and teleport you to it"
}