{
    "hidden": true,
    "type": "origins:action_on_callback",
    "entity_action_chosen": {
        "type": "origins:and",
        "actions": [
            {
                "type": "origins:execute_command",
                "command": "summon armor_stand ~ ~ ~ {Invisible:1b,Marker:1b,Tags:[\"summontear\"],Invulnerable:1b,NoGravity:1b,}",
                "permission_level": 4
            },
            {
                "type": "origins:execute_command",
                "command": "effect give @s minecraft:slow_falling 10 10 true",
                "permission_level": 4
            },
            {
                "type": "origins:execute_command",
                "command": "execute in minecraft:the_nether run tp @s 533 178 546",
                "permission_level": 4
            },
            {
                "type": "origins:execute_command",
                "command": "execute in minecraft:the_nether run forceload add 533 549",
                "permission_level": 4
            },
            {
                "type": "origins:execute_command",
                "command": "kill @e[tag=tearpocket]",
                "permission_level": 4
            },
            {
                "type": "origins:execute_command",
                "command": "kill @e[tag=tearpockettt]",
                "permission_level": 4
            },
            {
                "type": "origins:delay",
                "ticks": 33,
                "action": {
                    "type": "origins:execute_command",
                    "command": "function gatecrash:portalsummon3",
                    "permission_level": 4
                }
            },
            {
                "type": "origins:delay",
                "ticks": 23,
                "action": {
                    "type": "origins:execute_command",
                    "command": "execute positioned 533 180 533 run fill ~-19 ~-10 ~-19 ~19 ~10 ~19 minecraft:barrier hollow",
                    "permission_level": 4
                }
            },
            {
                "type": "origins:delay",
                "ticks": 23,
                "action": {
                    "type": "origins:execute_command",
                    "command": "execute positioned 533 180 533 run fill ~-18 ~-9 ~-18 ~18 ~9 ~18 minecraft:blue_concrete hollow",
                    "permission_level": 4
                }
            },
            {
                "type": "origins:delay",
                "ticks": 23,
                "action": {
                    "type": "origins:execute_command",
                    "command": "execute positioned 533 180 533 run fill ~-17 ~-8 ~-17 ~17 ~8 ~17 minecraft:barrier hollow",
                    "permission_level": 4
                }
            },
            {
                "type": "origins:delay",
                "ticks": 53,
                "action": {
                    "type": "origins:execute_command",
                    "command": "tp @s @e[type=minecraft:armor_stand,limit=1,tag=summontear]",
                    "permission_level": 4
                }
            },
            {
                "type": "origins:delay",
                "ticks": 55,
                "action": {
                    "type": "origins:execute_command",
                    "command": "kill @e[tag=summontear]",
                    "permission_level": 4
                }
            }
        ]
    }
}