{
    "type": "origins:action_over_time",
    "entity_action": {
        "type": "origins:and",
        "actions": [
            {
                "type": "origins:execute_command",
                "command": "tag @e[distance=..1] add tototpp",
                "permission_level": 4
            },
            {
                "type": "origins:execute_command",
                "command": "execute positioned ~ ~1 ~ run tp @e[distance=..1,type=!armor_stand,tag=!totpp] @e[type=minecraft:armor_stand,limit=1,tag=tearpocketttt]",
                "permission_level": 4
            },
            {
                "type": "origins:execute_command",
                "command": "tp @e[distance=..1,type=!armor_stand,tag=!totpp] @e[type=minecraft:armor_stand,limit=1,tag=tearpocketttt]",
                "permission_level": 4
            },
            {
                "type": "origins:execute_command",
                "command": "tag @e[tag=tototpp] add totpp",
                "permission_level": 4
            },
            {
                "type": "origins:execute_command",
                "command": "power grant @e[distance=..1] gatecrash:notpp",
                "permission_level": 4
            }
        ]
    },
    "interval": 40,
    "hidden": true
}