{
    "type": "origins:multiple",
    "toggle": {
        "type": "origins:toggle",
        "active_by_default": false,
        "key": {
            "key": "key.origins.ternary_active",
            "condition": {
                "type": "origins:power_active",
                "power": "*:*_toggle"
            }
        }
    },
    "hitting": {
        "type": "origins:self_action_on_hit",
        "cooldown": 10,
        "entity_action": {
            "type": "origins:execute_command",
            "command": "tp @s ^-2 ^1 ^2 ~-75 ~0"
        },
        "condition": {
            "type": "origins:power_active",
            "power": "*:*_toggle"
        }
    },
    "name": "Rift Combat",
    "description": "Toggle with [Ternary] You bend your molecules to flow with the wave of space time, and rapidly teleport around your attacker with each strike",
    "hidden": true
}