{
    "type": "origins:active_self",
    "key": {
        "key": "key.origins.primary_active"
    },
    "entity_action": {
        "type": "origins:if_else",
        "condition": {
            "type": "origins:status_effect",
            "effect": "minecraft:speed",
            "inverted": true
        },
        "if_action": {
            "type": "origins:apply_effect",
            "effects": [
                {
                    "effect": "minecraft:speed",
                    "show_particles": false,
                    "show_icon": false,
                    "duration": 36000,
                    "amplifier": 0
                }
            ]
        },
        "else_action": {
            "type": "origins:clear_effect",
            "effect": "minecraft:speed"
        }
    },
    "cooldown": 40,
    "hud_render": {
        "should_render": false
    },
    "hidden": true
}