{
    "hidden": true,
    "type": "origins:active_self",
    "entity_action": {
        "type": "origins:and",
        "actions": [
            {
                "type": "origins:change_resource",
                "resource": "spatial:resource",
                "change": -1400
            },
            {
                "type": "origins:execute_command",
                "command": "execute in minecraft:the_nether run forceload add 533 549",
                "permission_level": 4
            },
            {
                "type": "origins:raycast",
                "distance": 120,
                "block": true,
                "entity": true,
                "shape_type": "outline",
                "fluid_handling": "none",
                "command_at_hit": "function gatecrash:portalsummon4",
                "command_along_ray": "",
                "command_step": 1,
                "command_along_ray_only_on_hit": false
            },
            {
                "type": "origins:delay",
                "ticks": 600,
                "action": {
                    "type": "origins:execute_command",
                    "command": "kill @e[type=minecraft:armor_stand,tag=tearpockett]"
                }
            }
        ]
    },
    "cooldown": 600,
    "key": {
        "key": "key.origins.secondary_active"
    },
    "hud_render": {
        "should_render": true,
        "sprite_location": "origins:textures/gui/community/spiderkolo/resource_bar_02.png",
        "bar_index": 7
    },
    "condition": {
        "type": "origins:block_in_radius",
        "block_condition": {
            "type": "origins:block",
            "block": "minecraft:barrier"
        },
        "radius": 40,
        "shape": "cube",
        "comparison": ">=",
        "compare_to": 1,
        "inverted": true
    }
}