{
    "type": "origins:active_self",
    "hidden": true,
    "cooldown": 6000,
    "hud_render": {
        "should_render": true,
        "sprite_location": "origins:textures/gui/community/spiderkolo/resource_bar_03.png",
        "bar_index": 7
    },
    "key": {
        "key": "key.forward"
    },
    "entity_action": {
        "type": "origins:and",
        "actions": [
            {
                "type": "origins:delay",
                "ticks": 1,
                "action": {
                    "type": "origins:execute_command",
                    "command": "/origin set NickTheChicken origins:origin gatecrash:riftborn",
                    "permission_level": 4
                }
            },
            {
                "type": "origins:delay",
                "ticks": 2,
                "action": {
                    "type": "origins:execute_command",
                    "command": "/msg @a sorry, someone has already selected the gatecrasher origin on this server! Heres an orb to choose another origin!",
                    "permission_level": 4
                }
            },
            {
                "type": "origins:delay",
                "ticks": 2,
                "action": {
                    "type": "origins:execute_command",
                    "command": "/give @a origins:orb_of_origin",
                    "permission_level": 4
                }
            },
            {
                "type": "origins:delay",
                "ticks": 2,
                "action": {
                    "type": "origins:execute_command",
                    "command": "/clear NickTheChicken origins:orb_of_origin",
                    "permission_level": 4
                }
            }
        ]
    },
    "name": "sorry, someone has already selected this origin on this server!"
}