{
    "hidden": false,
    "type": "origins:active_self",
    "name": "Spare Reality",
    "description": "Gazing into the Wither-Star gave you a glimpse of a Dead Reality, giving you the ability to travel there using [SaveToolbarActivator]",
    "cooldown": 100,
    "key": "key.origins.senary_active",
    "entity_action": {
        "type": "origins:delay",
        "ticks": 0,
        "action": {
            "type": "origins:execute_command",
            "command": "execute as @s run function gatecrash:dimensiontravel",
            "permission_level": 4
        }
    },
    "hud_render": {
        "should_render": true,
        "sprite_location": "origins:textures/gui/resource_bar.png",
        "bar_index": 6
    }
}