{
    "type": "origins:active_self",
    "cooldown": 1,
    "hud_render": {
        "sprite_location": "origins:textures/gui/community/huang/resource_bar_01.png",
        "bar_index": 0
    },
    "key": {
        "key": "key.origins.nonary_active",
        "condition": {
            "type": "origins:exists",
            "entity_type": "minecraft:cow"
        }
    },
    "entity_action": {
        "type": "origins:and",
        "actions": [
            {
                "type": "origins:execute_command",
                "command": "playsound minecraft:block.end_portal_frame.fill ambient @a ~ ~ ~ 3 0"
            },
            {
                "type": "origins:delay",
                "ticks": 20,
                "action": {
                    "type": "origins:execute_command",
                    "command": "playsound minecraft:block.end_portal_frame.fill ambient @a ~ ~ ~ 3 0.3"
                }
            },
            {
                "type": "origins:delay",
                "ticks": 40,
                "action": {
                    "type": "origins:execute_command",
                    "command": "playsound minecraft:block.end_portal_frame.fill ambient @a ~ ~ ~ 3 0.6"
                }
            },
            {
                "type": "origins:delay",
                "ticks": 61,
                "action": {
                    "type": "origins:execute_command",
                    "command": "effect give @p minecraft:glowing 5 2 true"
                }
            },
            {
                "type": "origins:delay",
                "ticks": 61,
                "action": {
                    "type": "origins:execute_command",
                    "command": "playsound minecraft:block.respawn_anchor.deplete ambient @a ~ ~ ~ 5 1"
                }
            },
            {
                "type": "origins:delay",
                "ticks": 63,
                "action": {
                    "type": "origins:execute_command",
                    "command": "forceload remove all"
                }
            },
            {
                "type": "origins:delay",
                "ticks": 59,
                "action": {
                    "type": "origins:execute_command",
                    "command": "playsound minecraft:block.respawn_anchor.deplete ambient @a ~ ~ ~ 5 1"
                }
            },
            {
                "type": "origins:delay",
                "ticks": 60,
                "action": {
                    "type": "origins:execute_command",
                    "command": "effect give @s minecraft:blindness 1 6 true"
                }
            },
            {
                "type": "origins:delay",
                "ticks": 0,
                "action": {
                    "type": "origins:execute_command",
                    "command": "effect give @s minecraft:slowness 3 7 true"
                }
            },
            {
                "type": "origins:delay",
                "ticks": 60,
                "action": {
                    "type": "origins:execute_command",
                    "command": "tp @p @e[type=cow,limit=1,name=Anchor825]",
                    "permission_level": 4
                }
            },
            {
                "type": "origins:delay",
                "ticks": 61,
                "action": {
                    "type": "origins:execute_command",
                    "command": "kill @e[type=cow,limit=1,name=Anchor825]",
                    "permission_level": 4
                }
            }
        ]
    },
    "name": "§1Gatecrash Tether",
    "description": "Pressing [Quinary] will seperate some of your molecules from you, creating a tether. Pressing [Nonary] will irritate those molecules, instantly teleporting you to the tether from any distance (and dimension) and re-fusing you."
}