{
    "type": "origins:multiple",
    "on": {
        "type": "origins:resource",
        "min": 0,
        "max": 1,
        "hud_render": {
            "should_render": false,
            "sprite_location": "origins:textures/gui/resource_bar.png",
            "bar_index": 5
        }
    },
    "timer": {
        "type": "origins:resource",
        "min": 0,
        "max": 40,
        "hud_render": {
            "should_render": true,
            "sprite_location": "origins:textures/gui/resource_bar.png",
            "bar_index": 1
        }
    },
    "toggle_on": {
        "type": "origins:active_self",
        "cooldown": 40,
        "hud_render": {
            "should_render": true,
            "sprite_location": "origins:textures/gui/community/spiderkolo/resource_bar_02.png",
            "bar_index": 15
        },
        "key": {
            "key": "key.origins.primary_active"
        },
        "entity_action": {
            "type": "origins:if_else",
            "condition": {
                "type": "origins:resource",
                "resource": "*:*_on",
                "comparison": "==",
                "compare_to": 1
            },
            "if_action": {
                "type": "origins:and",
                "actions": [
                    {
                        "type": "origins:change_resource",
                        "resource": "*:*_on",
                        "change": -1
                    },
                    {
                        "type": "origins:execute_command",
                        "command": "playsound minecraft:block.beacon.power_select master @a ~ ~ ~ 1 1.5"
                    },
                    {
                        "type": "origins:execute_command",
                        "command": "playsound minecraft:entity.turtle.egg_break master @a ~ ~ ~ 0.2 0.1"
                    }
                ]
            },
            "else_action": {
                "type": "origins:and",
                "actions": [
                    {
                        "type": "origins:change_resource",
                        "resource": "*:*_on",
                        "change": 1
                    },
                    {
                        "type": "origins:execute_command",
                        "command": "playsound minecraft:block.beacon.power_select master @a ~ ~ ~ 1 1.5"
                    },
                    {
                        "type": "origins:execute_command",
                        "command": "playsound minecraft:entity.turtle.egg_break master @a ~ ~ ~ 0.2 0.1"
                    }
                ]
            }
        }
    },
    "phase": {
        "type": "origins:phasing",
        "blacklist": true,
        "render_type": "blindness",
        "view_distance": 30,
        "condition": {
            "type": "origins:resource",
            "resource": "*:*_on",
            "comparison": "==",
            "compare_to": 1
        },
        "phase_down_condition": {
            "type": "origins:and",
            "conditions": [
                {
                    "type": "origins:sneaking"
                },
                {
                    "type": "origins:on_block"
                }
            ]
        }
    },
    "shader": {
        "type": "origins:shader",
        "shader": "minecraft:shaders/post/deconverge.json",
        "condition": {
            "type": "origins:resource",
            "resource": "*:*_on",
            "comparison": "==",
            "compare_to": 1
        }
    },
    "invis": {
        "type": "origins:invisibility",
        "render_armor": false,
        "condition": {
            "type": "origins:resource",
            "resource": "*:*_on",
            "comparison": "==",
            "compare_to": 1
        }
    },
    "steps": {
        "type": "origins:prevent_game_event",
        "event": "minecraft:step",
        "condition": {
            "type": "origins:and",
            "conditions": [
                {
                    "type": "origins:resource",
                    "resource": "*:*_on",
                    "comparison": "==",
                    "compare_to": 1
                }
            ]
        }
    },
    "fall": {
        "type": "origins:prevent_game_event",
        "event": "minecraft:hit_ground",
        "condition": {
            "type": "origins:and",
            "conditions": [
                {
                    "type": "origins:resource",
                    "resource": "*:*_on",
                    "comparison": "==",
                    "compare_to": 1
                }
            ]
        }
    },
    "ignore": {
        "type": "origins:ignore_water",
        "condition": {
            "type": "origins:resource",
            "resource": "*:*_on",
            "comparison": "==",
            "compare_to": 1
        }
    },
    "breath": {
        "type": "origins:water_breathing",
        "condition": {
            "type": "origins:resource",
            "resource": "*:*_on",
            "comparison": "==",
            "compare_to": 1
        }
    },
    "beat": {
        "type": "origins:action_over_time",
        "hidden": true,
        "entity_action": {
            "type": "origins:execute_command",
            "command": "playsound minecraft:entity.warden.heartbeat master @p ~ ~ ~ 3 0.7",
            "permission_level": 4
        },
        "interval": 30,
        "condition": {
            "type": "origins:resource",
            "resource": "*:*_on",
            "comparison": "==",
            "compare_to": 1
        }
    },
    "block": {
        "type": "origins:prevent_block_use",
        "block_condition": {
            "type": "origins:block",
            "block": "minecraft:bedrock",
            "inverted": true
        },
        "condition": {
            "type": "origins:resource",
            "resource": "*:*_on",
            "comparison": "==",
            "compare_to": 1
        }
    },
    "cross": {
        "type": "origins:prevent_item_use",
        "item_condition": {
            "type": "origins:ingredient",
            "ingredient": {
                "item": "minecraft:crossbow"
            }
        },
        "condition": {
            "type": "origins:resource",
            "resource": "*:*_on",
            "comparison": "==",
            "compare_to": 1
        }
    },
    "invul": {
        "type": "origins:invulnerability",
        "condition": {
            "type": "origins:resource",
            "resource": "*:*_on",
            "comparison": "==",
            "compare_to": 1
        },
        "damage_condition": {
            "type": "origins:name",
            "name": "fall",
            "inverted": true
        }
    },
    "overlay_blue": {
        "type": "origins:overlay",
        "texture": "minecraft:textures/block/ice.png",
        "red": 0,
        "green": 0,
        "blue": 3.5,
        "strength": 0.2,
        "draw_mode": "nausea",
        "draw_phase": "below_hud",
        "visible_in_third_person": true,
        "condition": {
            "type": "origins:resource",
            "resource": "*:*_on",
            "comparison": "==",
            "compare_to": 1
        }
    },
    "overlay_dark": {
        "type": "origins:overlay",
        "texture": "minecraft:textures/block/blue_ice.png",
        "red": 50,
        "green": 0,
        "blue": 0,
        "strength": 0.1,
        "draw_mode": "nausea",
        "draw_phase": "below_hud",
        "visible_in_third_person": true,
        "condition": {
            "type": "origins:resource",
            "resource": "*:*_on",
            "comparison": "==",
            "compare_to": 1
        }
    },
    "overlay_red": {
        "type": "origins:overlay",
        "texture": "minecraft:textures/misc/nausea.png",
        "red": 0,
        "green": 0,
        "blue": 5,
        "strength": 0.5,
        "draw_mode": "nausea",
        "draw_phase": "above_hud",
        "visible_in_third_person": true,
        "condition": {
            "type": "origins:resource",
            "resource": "*:*_on",
            "comparison": "==",
            "compare_to": 1
        }
    },
    "off": {
        "type": "origins:action_over_time",
        "interval": 40,
        "entity_action": {
            "type": "origins:and",
            "actions": [
                {
                    "type": "origins:change_resource",
                    "resource": "*:*_on",
                    "change": -1
                },
                {
                    "type": "origins:clear_effect",
                    "effect": "minecraft:speed"
                },
                {
                    "type": "origins:clear_effect",
                    "effect": "minecraft:weakness"
                },
                {
                    "type": "origins:clear_effect",
                    "effect": "minecraft:mining_fatigue"
                },
                {
                    "type": "origins:clear_effect",
                    "effect": "minecraft:water_breathing"
                },
                {
                    "type": "origins:clear_effect",
                    "effect": "minecraft:darkness"
                },
                {
                    "type": "origins:execute_command",
                    "command": "playsound minecraft:block.beacon.power_select master @a ~ ~ ~ 10 0.9"
                },
                {
                    "type": "origins:execute_command",
                    "command": "playsound minecraft:entity.turtle.egg_break master @a ~ ~ ~ 0.2 0.1"
                },
                {
                    "type": "origins:execute_command",
                    "command": "effect give @p weakness "
                }
            ]
        },
        "condition": {
            "type": "origins:resource",
            "resource": "gatecrash:warp_timer",
            "comparison": "==",
            "compare_to": 0
        }
    },
    "gen": {
        "type": "origins:action_over_time",
        "interval": 20,
        "entity_action": {
            "type": "origins:if_else",
            "condition": {
                "type": "origins:resource",
                "resource": "*:*_on",
                "comparison": "==",
                "compare_to": 1
            },
            "if_action": {
                "type": "origins:change_resource",
                "resource": "gatecrash:warp_timer",
                "change": -2
            },
            "else_action": {
                "type": "origins:change_resource",
                "resource": "gatecrash:warp_timer",
                "change": 1
            }
        }
    },
    "name": "§1Dimensional Drift",
    "description": "[Primary] Enter a plain of existance in-between our dimension, being unable to interact with the real world but not being affected by the things that reside in it."
}