{
    "name": "Give Power Stockpiling",
    "description": "[Nonary] A toggleable ability that allows you to pass on Power Stockpiling to a quirkless person.",
    "type": "origins:multiple",
    "gpsquirkless": {
        "condition": {
            "type": "origins:power_active",
            "power": "0:afopowerstockpiling/givepstoggle"
        },
        "type": "origins:action_on_entity_use",
        "bientity_action": {
            "type": "origins:and",
            "actions": [
                {
                    "type": "origins:target_action",
                    "action": {
                        "type": "origins:and",
                        "actions": [
                            {
                                "type": "origins:execute_command",
                                "command": "playsound minecraft:block.beacon.power_select ambient @a[distance=..5] ~ ~ ~ 5 1"
                            },
                            {
                                "type": "origins:execute_command",
                                "command": "particle minecraft:end_rod ~ ~1 ~ 0.25 0.5 0.25 0 50"
                            },
                            {
                                "type": "origins:execute_command",
                                "command": "origin set @s origins:origin quirks:powerstockpiling"
                            },
                            {
                                "type": "origins:execute_command",
                                "command": "msg @s You have been given the quirk \"Power Stockpiling.\""
                            }
                        ]
                    }
                },
                {
                    "type": "origins:actor_action",
                    "action": {
                        "type": "origins:and",
                        "actions": [
                            {
                                "type": "origins:execute_command",
                                "command": "playsound minecraft:block.beacon.deactivate ambient @a[distance=..5] ~ ~ ~ 5 1"
                            },
                            {
                                "type": "origins:execute_command",
                                "command": "particle minecraft:ash ~ ~1 ~ 0.25 0.5 0.25 0 50"
                            },
                            {
                                "type": "origins:execute_command",
                                "command": "origin set @s origins:origin quirks:afo"
                            },
                            {
                                "type": "origins:execute_command",
                                "command": "msg @s You have given away the quirk \"Power Stockpiling.\""
                            }
                        ]
                    }
                }
            ]
        },
        "bientity_condition": {
            "type": "origins:target_condition",
            "condition": {
                "type": "origins:origin",
                "origin": "quirks:quirkless",
                "layer": "origins:origin"
            }
        },
        "action_result": "success",
        "priority": 0
    },
    "gpsquirkbestowal": {
        "type": "origins:action_on_entity_use",
        "bientity_action": {
            "type": "origins:and",
            "actions": [
                {
                    "type": "origins:target_action",
                    "action": {
                        "type": "origins:and",
                        "actions": [
                            {
                                "type": "origins:execute_command",
                                "command": "playsound minecraft:block.beacon.power_select ambient @a[distance=..5] ~ ~ ~ 5 1"
                            },
                            {
                                "type": "origins:execute_command",
                                "command": "particle minecraft:end_rod ~ ~1 ~ 0.25 0.5 0.25 0 50"
                            },
                            {
                                "type": "origins:execute_command",
                                "command": "origin set @s origins:origin quirks:ofa"
                            },
                            {
                                "type": "origins:execute_command",
                                "command": "msg @s Your quirks have fused into One For All."
                            }
                        ]
                    }
                },
                {
                    "type": "origins:actor_action",
                    "action": {
                        "type": "origins:and",
                        "actions": [
                            {
                                "type": "origins:execute_command",
                                "command": "playsound minecraft:block.beacon.deactivate ambient @a[distance=..5] ~ ~ ~ 5 1"
                            },
                            {
                                "type": "origins:execute_command",
                                "command": "particle minecraft:ash ~ ~1 ~ 0.25 0.5 0.25 0 50"
                            },
                            {
                                "type": "origins:execute_command",
                                "command": "origin set @s origins:origin quirks:afo"
                            },
                            {
                                "type": "origins:execute_command",
                                "command": "msg @s You have given away the quirk \"Power Stockpiling.\""
                            }
                        ]
                    }
                }
            ]
        },
        "bientity_condition": {
            "type": "origins:target_condition",
            "condition": {
                "type": "origins:origin",
                "origin": "quirks:quirkbestowal",
                "layer": "origins:origin"
            }
        },
        "action_result": "success",
        "priority": 0
    }
}