{
    "name": "Zero Gravity Punch",
    "description": "[Primary] A toggleable ability that causes people to float upwards for 30 seconds when you punch them.",
    "condition": {
        "type": "origins:power_active",
        "power": "0:zerogravity/zerogpunchtoggle"
    },
    "type": "origins:target_action_on_hit",
    "entity_action": {
        "type": "origins:apply_effect",
        "effect": {
            "effect": "levitation",
            "duration": 600,
            "amplifier": 1,
            "show_particles": false,
            "show_icon": true
        }
    },
    "cooldown": 1
}