{
    "name": "Explosion Burst",
    "description": "[Secondary] You use your quirk to blast yourself forward.",
    "condition": {
        "inverted": true,
        "type": "origins:equipped_item",
        "equipment_slot": "chest",
        "item_condition": {
            "type": "origins:ingredient",
            "ingredient": {
                "item": "minecraft:elytra"
            }
        }
    },
    "type": "origins:active_self",
    "entity_action": {
        "type": "origins:and",
        "actions": [
            {
                "type": "origins:add_velocity",
                "x": 0,
                "y": 0.5,
                "z": 3.5,
                "space": "local",
                "client": true,
                "server": true,
                "set": true
            },
            {
                "type": "origins:explode",
                "power": 2,
                "destruction_type": "break",
                "damage_self": false
            }
        ]
    },
    "cooldown": 20,
    "hud_render": {
        "should_render": true,
        "sprite_location": "origins:textures/gui/resource_bar.png",
        "bar_index": 4
    },
    "key": {
        "key": "key.origins.secondary_active"
    }
}