{
    "name": "Howitzer Impact",
    "description": "[Quaternary] By using all of your power, you unleash a huge explosion while flying downward at your enemy.",
    "type": "origins:active_self",
    "entity_action": {
        "type": "origins:explode",
        "power": 25,
        "destruction_type": "break",
        "damage_self": false,
        "create_fire": true
    },
    "cooldown": 1500,
    "hud_render": {
        "should_render": true,
        "sprite_location": "origins:textures/gui/resource_bar.png",
        "bar_index": 4
    },
    "key": {
        "key": "key.origins.quaternary_active"
    }
}