{
    "name": "Area of Decay",
    "description": "[Secondary] In a widespread area around you, you can cause mobs and animals to get the wither effect.",
    "type": "origins:active_self",
    "entity_action": {
        "type": "origins:area_of_effect",
        "radius": 32,
        "bientity_action": {
            "type": "origins:target_action",
            "action": {
                "type": "origins:and",
                "actions": [
                    {
                        "type": "origins:spawn_particles",
                        "particle": "smoke",
                        "count": 100,
                        "speed": 1
                    },
                    {
                        "type": "origins:apply_effect",
                        "effect": {
                            "effect": "wither",
                            "duration": 1000000,
                            "amplifier": 4,
                            "show_particles": true,
                            "show_icon": true
                        }
                    }
                ]
            }
        }
    },
    "cooldown": 100,
    "key": {
        "key": " key.origins.secondary_active"
    }
}