{
    "name": "Decay Hit Evolved",
    "description": "[Primary] With your quirk having evolved, you can now toggle your ability to decay people by hitting them.",
    "condition": {
        "type": "origins:power_active",
        "power": "0:evolvedquirks/decayevolved/decaytoggle"
    },
    "type": "origins:target_action_on_hit",
    "entity_action": {
        "type": "origins:apply_effect",
        "effect": {
            "effect": "wither",
            "duration": 1000000,
            "amplifier": 4,
            "show_particles": true,
            "show_icon": true
        }
    },
    "cooldown": 1
}