{
    "name": "Speed Boost",
    "description": "[Secondary] When using Fa Jin in your legs, you can insanely increase your speed for 15 seconds.",
    "condition": {
        "type": "origins:power_active",
        "power": "0:ofaquirks/fajin/legtoggle"
    },
    "type": "origins:active_self",
    "entity_action": {
        "type": "origins:apply_effect",
        "effect": {
            "effect": "speed",
            "duration": 300,
            "amplifier": 20,
            "show_particles": false,
            "show_icon": true
        }
    },
    "key": {
        "key": "key.origins.secondary_active"
    }
}