{
    "name": "Danger Sense",
    "description": "[Primary] A toggleable ability of your quirk that allows you to see hostile mobs around you.",
    "type": "origins:multiple",
    "glow": {
        "condition": {
            "type": "origins:power_active",
            "power": "0:ofaquirks/dangersense/dtoggle"
        },
        "type": "origins:entity_glow",
        "bientity_condition": {
            "type": "origins:and",
            "conditions": [
                {
                    "type": "origins:and",
                    "conditions": [
                        {
                            "type": "origins:distance",
                            "comparison": ">=",
                            "compare_to": 100
                        }
                    ]
                },
                {
                    "type": "origins:target_condition",
                    "condition": {
                        "type": "origins:living"
                    }
                }
            ]
        },
        "use_teams": false,
        "red": 1,
        "green": 0,
        "blue": 0
    }
}