{
    "name": "Mine Set",
    "description": "[Primary] By using your quirk, you can sneak and right click to turn a block into a bomb. You can then detonate them remotely.",
    "type": "origins:multiple",
    "create_bomb": {
        "condition": {
            "type": "origins:sneaking"
        },
        "type": "origins:action_on_block_use",
        "block_action": {
            "type": "origins:execute_command",
            "command": "summon minecraft:marker ~ ~ ~ {Tags: [\"explosive_block\"]}"
        },
        "item_condition": {
            "type": "origins:empty"
        }
    },
    "detonate_bomb": {
        "type": "origins:active_self",
        "entity_action": {
            "type": "origins:and",
            "actions": [
                {
                    "type": "origins:execute_command",
                    "command": "execute at @e[tag=explosive_block] run summon tnt"
                },
                {
                    "type": "origins:delay",
                    "action": {
                        "type": "origins:execute_command",
                        "command": "kill @e[tag=explosive_block]"
                    },
                    "ticks": 1
                }
            ]
        },
        "cooldown": 20,
        "hud_render": {
            "should_render": true
        }
    }
}