{
    "name": "Steel Body",
    "description": "[Primary] A toggleable ability that allows you to turn your body into steel, increasing your strength and resistance.",
    "condition": {
        "type": "origins:power_active",
        "power": "0:steel/steeltoggle"
    },
    "type": "origins:action_over_time",
    "interval": 20,
    "entity_action": {
        "type": "origins:apply_effect",
        "effect": {
            "effect": "strength",
            "duration": 21,
            "amplifier": 2,
            "show_particles": false,
            "show_icon": true
        },
        "effects": [
            {
                "effect": "resistance",
                "duration": 21,
                "amplifier": 5,
                "show_particles": false,
                "show_icon": true
            }
        ]
    }
}