{
    "name": "Smokescreen",
    "description": "[Secondary] You cause everyone within a 32 block radius of you to be blinded as long as your primary ability is enabled.",
    "condition": {
        "type": "origins:power_active",
        "power": "0:ofaquirks/smokescreen/smoketoggle"
    },
    "type": "origins:active_self",
    "entity_action": {
        "type": "origins:area_of_effect",
        "radius": 32,
        "include_target": true,
        "bientity_condition": {
            "type": "origins:can_see"
        },
        "bientity_action": {
            "type": "origins:target_action",
            "action": {
                "type": "origins:apply_effect",
                "effect": {
                    "effect": "blindness",
                    "duration": 600,
                    "amplifier": 1,
                    "show_particles": true,
                    "show_icon": true
                }
            }
        }
    },
    "key": {
        "key": "key.origins.secondary_active"
    }
}