{
    "name": "Cold Power",
    "description": "In the coldness of the rain, your power is enhanced.",
    "condition": {
        "type": "origins:in_rain"
    },
    "type": "origins:action_over_time",
    "interval": 20,
    "entity_action": {
        "type": "origins:apply_effect",
        "effect": {
            "effect": "strength",
            "duration": 21,
            "amplifier": 1,
            "show_particles": false,
            "show_icon": true
        },
        "effects": [
            {
                "effect": "speed",
                "duration": 21,
                "amplifier": 1,
                "show_particles": false,
                "show_icon": true
            }
        ]
    }
}