{
    "name": "Bone Coating",
    "description": "[Ternary] You coat your bones in blackwhip, making you physically stronger and more agile.",
    "condition": {
        "type": "origins:power_active",
        "power": "0:blackwhip/bonecoattoggle"
    },
    "type": "origins:action_over_time",
    "interval": 20,
    "entity_action": {
        "type": "origins:apply_effect",
        "effect": {
            "effect": "strength",
            "duration": 21,
            "amplifier": 2,
            "show_particles": false,
            "show_icon": true
        },
        "effects": [
            {
                "effect": "speed",
                "duration": 21,
                "amplifier": 2,
                "show_particles": false,
                "show_icon": true
            },
            {
                "effect": "jump_boost",
                "duration": 21,
                "amplifier": 2,
                "show_particles": false,
                "show_icon": true
            }
        ]
    }
}