{
    "name": "Blackwhip Swing",
    "description": "[Primary] You can use blackwhip to swing in the direction you are facing.",
    "type": "origins:multiple",
    "velocity": {
        "condition": {
            "type": "origins:fluid_height",
            "fluid": "minecraft:water",
            "comparison": "==",
            "compare_to": 0
        },
        "type": "origins:active_self",
        "entity_action": {
            "type": "origins:and",
            "actions": [
                {
                    "type": "origins:delay",
                    "action": {
                        "type": "origins:add_velocity",
                        "y": 1,
                        "space": "world",
                        "client": true,
                        "server": true,
                        "set": true
                    },
                    "ticks": 3
                },
                {
                    "type": "origins:delay",
                    "action": {
                        "type": "origins:add_velocity",
                        "z": 2,
                        "space": "local",
                        "client": true,
                        "server": true,
                        "set": true
                    },
                    "ticks": 4
                },
                {
                    "type": "origins:play_sound",
                    "sound": "minecraft:entity.fishing_bobber.throw",
                    "volume": 0.25,
                    "pitch": 0.5
                }
            ]
        },
        "cooldown": 10,
        "hud_render": {
            "should_render": true,
            "sprite_location": "origins:textures/gui/community/spiderkolo/resource_bar_02.png",
            "bar_index": 22
        },
        "key": {
            "key": "key.origins.primary_active"
        }
    },
    "visual": {
        "type": "origins:active_self",
        "entity_action": {
            "type": "origins:raycast",
            "distance": 100,
            "block": true,
            "entity": true,
            "shape_type": "outline",
            "fluid_handling": "any",
            "before_action": {
                "type": "origins:play_sound",
                "sound": "minecraft:entity.frog.tongue",
                "volume": 1,
                "pitch": 2
            },
            "command_at_hit": "particle minecraft:dust 0.0 0.8 0.8 1.0",
            "command_along_ray": "particle minecraft:dust 0.0 0.8 0.8 1.0",
            "command_at_hit_": "minecraft:dust 0.0 0.0 0.0 0.8",
            "command_along_ray_": "minecraft:dust 0.0 0.0 0.0 0.8"
        },
        "key": {
            "key": "key.origins.primary_active"
        }
    }
}