{
    "name": "Cold Hibernation",
    "description": "When on or around ice, you start freezing into hibernation and moving slower.",
    "condition": {
        "type": "origins:on_block",
        "block_condition": {
            "type": "origins:block",
            "block": "ice"
        }
    },
    "type": "origins:action_over_time",
    "interval": 20,
    "entity_action": {
        "type": "origins:apply_effect",
        "effect": {
            "effect": "slowness",
            "duration": 21,
            "amplifier": 2,
            "show_particles": false,
            "show_icon": true
        }
    }
}