{
    "name": "Acid Punches",
    "description": "[Primary] A toggleable ability that makes your punches burn and poison enemies.",
    "condition": {
        "type": "origins:power_active",
        "power": "0:acid/acidtoggle"
    },
    "type": "origins:target_action_on_hit",
    "entity_action": {
        "type": "origins:and",
        "actions": [
            {
                "type": "origins:apply_effect",
                "effect": {
                    "effect": "poison",
                    "duration": 300,
                    "amplifier": 0,
                    "show_particles": false,
                    "show_icon": true
                }
            },
            {
                "type": "origins:set_on_fire",
                "duration": 300
            }
        ]
    },
    "cooldown": 1
}