{
    "name": "Flame Blast",
    "description": "[Primary] With your quirk activated, you can shoot balls of fire incredibly quickly.",
    "condition": {
        "type": "origins:power_active",
        "power": "0:hellflame/firetoggle"
    },
    "type": "origins:fire_projectile",
    "entity_type": "small_fireball",
    "cooldown": 1,
    "count": 10,
    "interval": 0,
    "start_delay": 0,
    "speed": 5,
    "divergence": 1,
    "sound": "minecraft:entity.blaze.shoot",
    "key": {
        "key": "key.origins.primary_active"
    }
}