{
    "name": "Shockwave",
    "description": "[Primary] Your quirk allows you to make shockwaves in the ground around you.",
    "type": "origins:active_self",
    "entity_action": {
        "type": "origins:and",
        "actions": [
            {
                "type": "origins:area_of_effect",
                "radius": 5,
                "bientity_action": {
                    "type": "origins:and",
                    "actions": [
                        {
                            "type": "origins:damage",
                            "amount": 3,
                            "source": {
                                "name": "magic",
                                "bypasses_armor": true,
                                "magic": true
                            }
                        },
                        {
                            "type": "origins:target_action",
                            "action": {
                                "type": "origins:spawn_particles",
                                "particle": "minecraft:end_rod",
                                "count": 5,
                                "speed": 0.5
                            }
                        }
                    ]
                }
            },
            {
                "type": "origins:play_sound",
                "sound": "minecraft:entity.player.hurt_freeze",
                "volume": 0.6,
                "pitch": 0.9
            },
            {
                "type": "origins:execute_command",
                "command": "particle minecraft:firework ~ ~ ~ 1 0.5 4 0.01 30"
            },
            {
                "type": "origins:execute_command",
                "command": "particle minecraft:firework ~ ~ ~ 4 0.5 1 0.01 30"
            },
            {
                "type": "origins:execute_command",
                "command": "particle minecraft:firework ~ ~ ~ 3.5 3.5 3.5 0.01 60"
            }
        ]
    },
    "cooldown": 400,
    "hud_render": {
        "should_render": true,
        "sprite_location": "origins:textures/gui/community/spiderkolo/resource_bar_03.png",
        "bar_index": 12
    },
    "key": {
        "key": "key.origins.primary_active"
    }
}