{
    "name": "Self Detonate Stage 4",
    "description": "[Quaternary] You create a blast equal in strength to Explosion's full power.",
    "type": "origins:active_self",
    "entity_action": {
        "type": "origins:explode",
        "power": 25,
        "destruction_type": "break",
        "damage_self": true,
        "create_fire": true
    },
    "cooldown": 18000,
    "hud_render": {
        "should_render": true,
        "sprite_location": "origins:textures/gui/resource_bar.png",
        "bar_index": 4
    },
    "key": {
        "key": "key.origins.quaternary_active"
    }
}