{
    "name": "Self Detonate Grand Impact",
    "description": "[Senary] Using two times the strength of your max power, you create an explosion of unimaginable strength.",
    "type": "origins:active_self",
    "entity_action": {
        "type": "origins:explode",
        "power": 75,
        "destruction_type": "break",
        "damage_self": true,
        "create_fire": true
    },
    "cooldown": 72000,
    "hud_render": {
        "should_render": true,
        "sprite_location": "origins:textures/gui/resource_bar.png",
        "bar_index": 4
    },
    "key": {
        "key": "key.origins.senary_active"
    }
}