{
    "name": "Self Detonate Nuclear Blast",
    "description": "[Quinary] Using the fullest extent of your power, you unleash a blast two times more powerful than Explosion at full strength.",
    "type": "origins:active_self",
    "entity_action": {
        "type": "origins:explode",
        "power": 50,
        "destruction_type": "break",
        "damage_self": true,
        "create_fire": true
    },
    "cooldown": 36000,
    "hud_render": {
        "should_render": true,
        "sprite_location": "origins:textures/gui/resource_bar.png",
        "bar_index": 4
    },
    "key": {
        "key": "key.origins.quinary_active"
    }
}