{
    "name": "Self Detonate Stage 1",
    "description": "[Primary] Using a small amount of your power, you create a blast around equal to TNT.",
    "type": "origins:active_self",
    "entity_action": {
        "type": "origins:explode",
        "power": 5,
        "destruction_type": "break",
        "damage_self": false
    },
    "cooldown": 1200,
    "hud_render": {
        "should_render": true,
        "sprite_location": "origins:textures/gui/resource_bar.png",
        "bar_index": 4
    },
    "key": {
        "key": "key.origins.primary_active"
    }
}