{
    "name": "Self Detonate Stage 3",
    "description": "[Ternary] You create a powerful blast stronger than TNT.",
    "type": "origins:active_self",
    "entity_action": {
        "type": "origins:explode",
        "power": 15,
        "destruction_type": "break",
        "damage_self": false
    },
    "cooldown": 12000,
    "hud_render": {
        "should_render": true,
        "sprite_location": "origins:textures/gui/resource_bar.png",
        "bar_index": 4
    },
    "key": {
        "key": "key.origins.ternary_active"
    }
}