{
    "name": "Self Detonate Stage 2",
    "description": "[Secondary] You create an explosion slightly stronger than TNT.",
    "type": "origins:active_self",
    "entity_action": {
        "type": "origins:explode",
        "power": 10,
        "destruction_type": "break",
        "damage_self": false
    },
    "cooldown": 6000,
    "hud_render": {
        "should_render": true,
        "sprite_location": "origins:textures/gui/resource_bar.png",
        "bar_index": 4
    },
    "key": {
        "key": "key.origins.secondary_active"
    }
}