{
    "name": "High Gear",
    "description": "[Primary] With your power now enhanced by One For All, your ability now lets you move much faster and now deal bullet-strength hits.",
    "condition": {
        "type": "origins:power_active",
        "power": "0:ofaquirks/gearshiftofa/hgtoggle"
    },
    "type": "origins:action_over_time",
    "interval": 20,
    "entity_action": {
        "type": "origins:apply_effect",
        "effect": {
            "effect": "speed",
            "duration": 21,
            "amplifier": 20,
            "show_particles": true,
            "show_icon": true
        },
        "effects": [
            {
                "effect": "strength",
                "duration": 21,
                "amplifier": 5,
                "show_particles": false,
                "show_icon": true
            }
        ]
    }
}