{
    "name": "Low Gear",
    "description": "[Secondary] Now that your power has been enhanced by One For All, enemies you hit will stay frozen for 15 seconds instead of 5.",
    "condition": {
        "type": "origins:power_active",
        "power": "0:ofaquirks/gearshiftofa/lgtoggle"
    },
    "type": "origins:action_on_hit",
    "bientity_action": {
        "type": "origins:target_action",
        "action": {
            "type": "origins:apply_effect",
            "effect": {
                "effect": "slowness",
                "duration": 300,
                "amplifier": 10,
                "show_particles": true,
                "show_icon": true
            }
        }
    },
    "cooldown": 1
}